"","beta","mu","v","",""
"thetaparm",0.32824256666936,0.188482201192528,0.756695150630549,1,0.000439608070333847
"thetaparm",0.501369540346786,0.383365042740479,0.170619870070368,2,0.000577909772346157
"thetaparm",0.509405246237293,0.395407232455909,0.0413306364789605,1,0.000434167592229296
"thetaparm",0.484732709592208,0.374878750415519,0.0650285242591053,2,0.000471644717758315
"thetaparm",0.347577827051282,0.218938825419173,0.669523837044835,1,0.000443166239149653
"thetaparm",0.520048999460414,0.400615957332775,0.101013772422448,3,0.000171357397457404
"thetaparm",0.347291135927662,0.214325572131202,0.712138574104756,0,0.0011785644204929
"thetaparm",0.436885436763987,0.323166375979781,0.299380567390472,2,0.00048755145473179
"thetaparm",0.440372530836612,0.325893577188253,0.332988844951615,2,0.000820252954764029
"thetaparm",0.501457564998418,0.381430841516703,0.191356359282508,3,0.000343067049367214
"thetaparm",0.443131053820252,0.319162516389042,0.4022894538939,2,0.000307154951058076
"thetaparm",0.501515058567747,0.393733655102551,0.014210709836334,2,0.000987267266948352
"thetaparm",0.42303935973905,0.308503060368821,0.378047814359888,3,0.000433373414796382
"thetaparm",0.464720548130572,0.346541693434119,0.301448629936203,0,0.000835287906257875
"thetaparm",0.264006525976583,0.113276177085936,0.873596471967176,0,0.000615848264793498
"thetaparm",0.274527677800506,0.126722432672977,0.855680144857615,0,0.000543607408086465
"thetaparm",0.339502359274775,0.212085752282292,0.690106869209558,2,0.000425844270952522
"thetaparm",0.352769831661135,0.224029930308461,0.659742328571156,1,0.000422964044892483
"thetaparm",0.416330777574331,0.284391072113067,0.553548760712147,3,0.000379081763291475
"thetaparm",0.239703295519575,0.0704375554341823,0.922465820796788,3,0.00118306747258176
"thetaparm",0.373847889946774,0.24286015261896,0.649217159254476,1,0.0010337051294874
"thetaparm",0.436637388309464,0.324587922077626,0.324595982441679,3,0.00118286468820441
"thetaparm",0.23650616616942,0.0839046218898147,0.906719156075269,2,0.000224879858325616
"thetaparm",0.432999887969345,0.316985693294555,0.337765253148973,2,0.000614328231641561
"thetaparm",0.347599660977721,0.208899189718068,0.734013277571648,2,0.000908158126847785
"thetaparm",0.480328032979742,0.369354574009776,0.0781131964176893,2,0.00115313848889486
"thetaparm",0.318352521630004,0.177895870991051,0.777584536233917,1,0.000147753425160459
"thetaparm",0.395958462264389,0.268006747122854,0.545752313919365,1,0.0011532940031139
"thetaparm",0.374186977278441,0.251083323964849,0.584152181632817,2,0.000153081342838229
"thetaparm",0.374958886066452,0.251210868358612,0.580453743692487,2,0.000239474498365554
"thetaparm",0.300087055424228,0.156904069939628,0.809039518004283,1,0.000701239361498272
"thetaparm",0.393281352240592,0.261226633563638,0.582922193454579,2,0.00106516920487732
"thetaparm",0.514557488728315,0.40307851228863,0.0208369130268693,0,0.000739315028788729
"thetaparm",0.344290879787877,0.214937833370641,0.679449105402455,1,0.000501135231538781
"thetaparm",0.501821754733101,0.379318774910644,0.247488266322762,3,0.00111130641931459
"thetaparm",0.370073463534936,0.238223114050925,0.640192065853626,1,0.000527976635013042
"thetaparm",0.315929359989241,0.17971103778109,0.76951143052429,1,0.000247879097027098
"thetaparm",0.229260432999581,0.0731688376981765,0.916563645470887,1,0.000722389862877561
"thetaparm",0.401881720637903,0.286087047541514,0.446020910749212,3,3.94957123630094e-05
"thetaparm",0.407212471822277,0.278781525790691,0.552374745020643,2,0.000586571180974473
"thetaparm",0.398086177650839,0.270515777170658,0.565555033506826,1,0.000469228954838287
"thetaparm",0.422482337802649,0.305402752943337,0.407552955904976,2,0.00042066266157471
"thetaparm",0.355126974871382,0.233020677231252,0.626489333575591,3,0.000484105705918812
"thetaparm",0.326473010005429,0.190918332664296,0.734887728933245,0,0.00124908931542053
"thetaparm",0.25744569953531,0.0974976080469787,0.901027371641248,2,0.000564206636674169
"thetaparm",0.237978365970775,0.0822298617567867,0.914802654180676,1,0.00119284394862183
"thetaparm",0.467158820014447,0.355781342601404,0.154245538171381,2,0.000615623015828064
"thetaparm",0.423349142540246,0.302512632217258,0.456159574678168,0,0.00100736919464967
"thetaparm",0.518976845778525,0.398772308137268,0.135962574509904,3,0.000394700325366946
"thetaparm",0.275442976038903,0.133504820987582,0.836935121566057,2,0.00111388463905195
"thetaparm",0.487048022216186,0.368808537255973,0.207776045426726,1,0.000109737536685105
"thetaparm",0.276286618085578,0.134697445202619,0.845754099078476,2,0.000646277979501748
"thetaparm",0.417324002133682,0.291018270887434,0.510050276294351,1,0.000510153047598088
"thetaparm",0.200556789757684,0.0113628790713847,0.966899844352156,1,0.000173237985395654
"thetaparm",0.395442779874429,0.270626671146601,0.52544731204398,0,0.000978157307701275
"thetaparm",0.433406231692061,0.313288649078459,0.396314557641745,0,6.31848283242781e-05
"thetaparm",0.27068671095185,0.12288545188494,0.857586197787896,0,0.00104789338438411
"thetaparm",0.446100799832493,0.329342527780682,0.327447320334613,1,0.000254984618002028
"thetaparm",0.469754230696708,0.352842395193875,0.275458286050707,0,0.00103692805066578
"thetaparm",0.471660824492574,0.346556238597259,0.350641261320561,3,0.000434711400483158
"thetaparm",0.476993832504377,0.352071556495503,0.336848969338462,3,0.000583061401043292
"thetaparm",0.510662590852007,0.39073142898269,0.157960128970444,3,0.000309750028543325
"thetaparm",0.444152954500169,0.332040136680007,0.282169802812859,3,0.00053174417198671
"thetaparm",0.313430532347411,0.17404707102105,0.787968810880557,0,0.000624334085336586
"thetaparm",0.519812422106043,0.401240111095831,0.0764226783066988,3,0.000501208043040456
"thetaparm",0.490340866846964,0.373967421241105,0.139029811369255,1,0.000833610202473432
"thetaparm",0.406657330924645,0.291006162995473,0.445297355763614,3,0.000698942449688419
"thetaparm",0.274401637958363,0.136699715862051,0.838730991818011,3,0.000706852102849483
"thetaparm",0.304649868048728,0.173184608109295,0.770107746589929,3,0.000256858763545968
"thetaparm",0.412946817465127,0.289748052600771,0.473270523129031,0,0.00057271833475293
"thetaparm",0.470572095829993,0.357641119277105,0.223358982708305,1,0.00120300393665521
"thetaparm",0.307249060133472,0.169942225562409,0.784286236856133,1,9.05279271519385e-05
"thetaparm",0.484881181037053,0.374119116691872,0.084695213008672,2,0.000333658553068421
"thetaparm",0.314879536163062,0.165525735123083,0.806803172687069,3,0.000670189202894939
"thetaparm",0.417640030616894,0.295116332359612,0.481663529062644,0,0.000748528083071052
"thetaparm",0.478169841924682,0.36520022014156,0.187199332285672,1,0.000884010097390302
"thetaparm",0.211706190602854,0.0446761646308005,0.945072695380077,1,0.000358641130673153
"thetaparm",0.34941738168709,0.226371568394825,0.62413875781931,3,0.00101061344376878
"thetaparm",0.392854966921732,0.266659120796248,0.550708394730464,0,0.000526459609153953
"thetaparm",0.431360261281952,0.302474510855973,0.464042887790129,3,0.00111229414585685
"thetaparm",0.422669794643298,0.29259088775143,0.520295758731663,3,0.000143389245435499
"thetaparm",0.443130767671391,0.315202160272747,0.428048134315759,3,0.000908123744534899
"thetaparm",0.336716907564551,0.197154798312113,0.743624087190256,2,0.000253386891494123
"thetaparm",0.470823150128126,0.351530057378113,0.242362815421075,1,0.00107412619305733
"thetaparm",0.454586236039177,0.32721870392561,0.406530914828181,3,0.000214494043337052
"thetaparm",0.499757032142952,0.383840548107401,0.101636357605457,1,0.000692772831061284
"thetaparm",0.42909766244702,0.312258885242045,0.404925097944215,2,0.00124062330264452
"thetaparm",0.307237936416641,0.160136851016432,0.807834122795612,2,0.00108838178832636
"thetaparm",0.406282382784411,0.282380046555772,0.507854679832235,0,2.02565241547437e-05
"thetaparm",0.449513824656606,0.327610194217414,0.399206554284319,1,0.00120641014845027
"thetaparm",0.41969704371877,0.29807636863552,0.43913884437643,0,0.000596939741010244
"thetaparm",0.440185688436031,0.313615169608966,0.45772094745189,2,0.000693395813446154
"thetaparm",0.408031562808901,0.28815036942251,0.465689378557727,1,8.53764445706458e-05
"thetaparm",0.506400908809155,0.38866950571537,0.16039447626099,2,0.000910983939519949
"thetaparm",0.508410192560405,0.395401407731697,0.0727287731133401,0,0.000773312449274699
"thetaparm",0.430586522677913,0.300401891348884,0.512380630010739,3,0.000679975608859854
"thetaparm",0.40474543068558,0.27100617508404,0.584873846499249,3,3.9553612132346e-05
"thetaparm",0.37271496723406,0.24575041490607,0.624169686576352,1,0.000832821326611236
"thetaparm",0.206624934216961,0.0251533736009151,0.957719134865329,0,0.000628026320349466
"thetaparm",0.406734308460727,0.275420081568882,0.551288515329361,2,0.000757328877259718
"thetaparm",0.43888598959893,0.314595938660204,0.447499233530834,2,0.00103393627622808
"thetaparm",0.349941498367116,0.217637666268274,0.677674560574815,0,0.00101415535730657
"thetaparm",0.465266511775553,0.348285953514278,0.250410919077694,0,0.000367315880697733
"thetaparm",0.501023872988299,0.384059649193659,0.162087315926328,1,0.000762689318571479
"thetaparm",0.48496700078249,0.366871510865167,0.196936720982194,1,0.000412894640575229
"thetaparm",0.43254274665378,0.312554219039157,0.392205935204402,0,0.000285854739157709
"thetaparm",0.499252514680848,0.386072152294219,0.0773078186903149,0,0.000146378201014614
"thetaparm",0.349812730448321,0.225059774704278,0.657851347699761,3,0.000713562540110992
"thetaparm",0.430895163444802,0.319019582355395,0.281265547033399,3,0.00101981282058662
"thetaparm",0.510049654403701,0.393466049339622,0.0794344753958285,2,0.000524599311587107
"thetaparm",0.418665539938956,0.302670065080747,0.423210475593805,2,0.00110875734870734
"thetaparm",0.382709298981354,0.248870075447485,0.63032846711576,2,0.000187664516059463
"thetaparm",0.31858214805834,0.176273372024298,0.788576337043196,1,0.000458987486595702
"thetaparm",0.36209858302027,0.22703933971934,0.692207286600024,2,0.000942503601736488
"thetaparm",0.501085435971618,0.382556624477729,0.137446771841496,2,0.000700527343046372
"thetaparm",0.528300817124546,0.409396294271573,0.0439945254474878,3,0.000676963635454633
"thetaparm",0.361614981899038,0.22982860985212,0.65812049084343,0,0.000452650925550163
"thetaparm",0.216156784445047,0.0429267275612801,0.94918266357854,1,0.00125224954579208
"thetaparm",0.502842575777322,0.386176724452525,0.124458227073774,1,2.49532440449798e-05
"thetaparm",0.497770291054621,0.386508330935612,0.0774885478895158,1,0.000608861318178555
"thetaparm",0.38858934212476,0.254184605088085,0.616248463047668,3,0.000533570705950403
"thetaparm",0.503479073755443,0.390122267184779,0.0415368927642703,0,0.000761984130091313
"thetaparm",0.463676296640188,0.348805140238255,0.26671494054608,1,0.000977223519763131
"thetaparm",0.491601997287944,0.373833713587373,0.211194111499935,1,0.000918394265146154
"thetaparm",0.232202935731038,0.0578497480601072,0.938505696831271,3,0.000778664755299995
"thetaparm",0.482212825678289,0.366844810079783,0.19658301374875,0,0.000518388396998432
"thetaparm",0.511791014578193,0.392389806685969,0.0946643971838057,3,0.00121691711908982
"thetaparm",0.390508812386543,0.258463060948998,0.612598459934816,2,0.00046012077579265
"thetaparm",0.358506383374333,0.229095993563533,0.643596891779453,1,0.00100343740168792
"thetaparm",0.238956502871588,0.0705620222724974,0.926606431836262,2,0.000392587662341105
"thetaparm",0.414232675917447,0.282827659277245,0.567534299101681,3,0.00112073833515753
"thetaparm",0.382478502811864,0.249225233448669,0.616774697089568,2,0.000920454155052805
"thetaparm",0.506356335245073,0.395103716524318,0.0659247741568834,0,0.0011967527825157
"thetaparm",0.362929934635758,0.224073997465894,0.712712869979441,3,0.0012686317153033
"thetaparm",0.390085472958162,0.2717963187024,0.481837303377688,3,0.00105366983302536
"thetaparm",0.489059019368142,0.366491388063878,0.228646884905174,3,0.00094325684860978
"thetaparm",0.428599792299792,0.302798515185714,0.479771269252524,2,0.000643053937692446
"thetaparm",0.390222052112222,0.266927398275584,0.538957370445132,1,0.000281012405264663
"thetaparm",0.311190411448479,0.169515747809783,0.793164984323084,1,6.79180620118264e-05
"thetaparm",0.409916166216135,0.281751058530062,0.513893171912059,2,0.00107217253400528
"thetaparm",0.437030571745709,0.318006937159225,0.359590804437175,0,0.000630037486313646
"thetaparm",0.47654834529385,0.365581568796188,0.122935550054535,2,0.000276117856145359
"thetaparm",0.480241157347336,0.357190343551338,0.293965747812763,3,0.000156429291969296
"thetaparm",0.351592861348763,0.218213431537151,0.691517189377919,0,4.01851479995378e-05
"thetaparm",0.376899505965412,0.253302244935185,0.593263423303142,2,0.000894189580303358
"thetaparm",0.445769058773294,0.324870540294796,0.35528126382269,1,0.000578882298031037
"thetaparm",0.463424149667844,0.34236291074194,0.303160081384704,1,0.0005432653380756
"thetaparm",0.196723869070411,0.0260575276333839,0.956052209250629,3,0.000696205695356434
"thetaparm",0.32517088460736,0.196509724250063,0.713303642114624,3,0.000524633785168406
"thetaparm",0.455749256303534,0.329573130002245,0.378579704789445,3,0.000760829998587516
"thetaparm",0.426695201545954,0.295167332747951,0.531678971834481,3,0.000674008096262908
"thetaparm",0.317524333484471,0.184026692993939,0.756770016858354,1,0.000296608340117951
"thetaparm",0.502274453407153,0.383728547720239,0.16639091912657,2,0.000302722192031622
"thetaparm",0.460329181980342,0.340584471588954,0.310479962266982,1,5.15445249882375e-05
"thetaparm",0.44294533575885,0.321554571390152,0.408715561032295,1,0.0010592355674359
"thetaparm",0.252197782276198,0.0975812443066388,0.89211096893996,0,0.000839035604452004
"thetaparm",0.405409690691158,0.271050617098808,0.605667581083253,3,0.00110139289018244
"thetaparm",0.429950270103291,0.299294317839667,0.488038933137432,3,0.000847537410546523
"thetaparm",0.373330698814243,0.252782405121252,0.559044185327366,3,0.000328220264321066
"thetaparm",0.443491437239572,0.326293900841847,0.3553890963085,1,0.000814188573481301
"thetaparm",0.400517650414258,0.266935628373176,0.590201633283868,3,0.000222763666702677
"thetaparm",0.427696193335578,0.302016670582816,0.449402826605365,2,0.000875904150569394
"thetaparm",0.267098258715123,0.119693506741896,0.87257016543299,0,0.0011858852808183
"thetaparm",0.377979750279337,0.241270636906847,0.654643662739545,3,0.000303962321661692
"thetaparm",0.2343043028377,0.085518387844786,0.899161257781088,3,0.00127921378320107
"thetaparm",0.315228020306677,0.176378728821874,0.772760713007301,0,0.000611736805697656
"thetaparm",0.404796913033351,0.278446244541556,0.510187026113272,1,0.0011881110065486
"thetaparm",0.284497808199376,0.135022231610492,0.845623248023912,1,0.000838239140990269
"thetaparm",0.221434778533876,0.0631542641203851,0.927013806533068,2,0.000390758039992018
"thetaparm",0.377992692869157,0.248203320428729,0.599574748892337,1,0.00124656108147619
"thetaparm",0.514606955694035,0.397038200870156,0.122541139367968,2,0.000722547564735981
"thetaparm",0.36252071079798,0.227184250717983,0.672015238087624,2,0.000737443852612374
"thetaparm",0.433309620479122,0.318087419494987,0.332403102889657,2,0.0004134570381614
"thetaparm",0.455216790083796,0.330935334321111,0.352580645121634,2,0.00106521311148313
"thetaparm",0.399693536339328,0.279722184408456,0.49383260612376,2,0.000126951401731606
"thetaparm",0.494763451861218,0.382936042034999,0.118327205535024,1,0.00116026226967916
"thetaparm",0.377428334206343,0.257924409583211,0.530874671880156,3,0.000853923194117256
"thetaparm",0.354341260623187,0.213221001904458,0.711225485429168,3,0.00110097411835736
"thetaparm",0.234033309621736,0.0780489505268633,0.917172831483185,1,0.000787912231614556
"thetaparm",0.428375880699605,0.311660415260121,0.349832771578804,2,0.00106024217188153
"thetaparm",0.228380309650674,0.0703232646919787,0.922769230790436,1,0.000222197266207768
"thetaparm",0.45247911894694,0.330451449146494,0.390557693317533,1,0.00114899066583756
"thetaparm",0.410053423605859,0.290566927054897,0.452720295172185,1,0.000250337390682719
"thetaparm",0.436011921381578,0.306964345742017,0.454959929222241,3,0.00102960222781629
"thetaparm",0.531251348322257,0.415041692554951,0.0226386645808816,2,0.000290347554091991
"thetaparm",0.357682208763435,0.233695070492104,0.643582894001156,2,0.00122280366847364
"thetaparm",0.231520160567015,0.0818986019585282,0.906945179915056,3,0.000270801608576034
"thetaparm",0.459756398107857,0.341028613271192,0.298986820504069,0,6.98227124885722e-05
"thetaparm",0.327832512557507,0.188045157119632,0.77268714341335,1,0.00119795986873883
"thetaparm",0.482927687233314,0.370946170529351,0.162836363073438,1,0.00111798785708486
"thetaparm",0.393136998871341,0.26209268392995,0.600765301845968,2,0.000479823024796149
"thetaparm",0.508712412090972,0.395067121367902,0.0450388472527266,1,0.000230998178628178
"thetaparm",0.281910543330014,0.137773646274582,0.834830653853714,0,0.000988726986953566
"thetaparm",0.35163558088243,0.214784633368254,0.713360015070066,2,0.000414040314622312
"thetaparm",0.480779078323394,0.367393339518458,0.175550491549075,1,0.000628422125779383
"thetaparm",0.479381433222443,0.369861514540389,0.0665603233501315,2,0.00086647428814967
"thetaparm",0.311828211182728,0.174759052926674,0.772732730023563,1,0.000485883157233014
"thetaparm",0.367165904259309,0.241494562244043,0.607640523929149,1,0.000526946855248334
"thetaparm",0.322946857195348,0.192294059321284,0.740322974976152,2,0.000756557947023753
"thetaparm",0.300947047770023,0.166391068836674,0.786995630012825,2,0.000204793262427502
"thetaparm",0.491301240632311,0.382688303245232,0.00446785241365433,2,0.000763050172326731
"thetaparm",0.417953110300004,0.303306161426008,0.396358138415962,3,0.000489712870359999
"thetaparm",0.506750060943887,0.391834399662912,0.0645716695580631,1,0.00051926398354377
"thetaparm",0.359288706677034,0.219975526211783,0.719334154389799,3,0.00112992235756619
"thetaparm",0.287673797691241,0.148083321051672,0.821257647126913,1,3.12317307820248e-05
"thetaparm",0.48121644044295,0.361502102576196,0.243956446414813,2,6.85248105297687e-06
"thetaparm",0.366293763741851,0.227814799873158,0.684226036537439,3,0.000465925216749
"thetaparm",0.23218563827686,0.058395485393703,0.93531561200507,3,0.00029943179371783
"thetaparm",0.481624738080427,0.364396056625992,0.228635849896818,1,0.000638253953190258
"thetaparm",0.314217966515571,0.165239301510155,0.812298639677465,3,9.79034846216344e-05
"thetaparm",0.337121283169836,0.192370316479355,0.759960857219994,3,0.000570286953154947
"thetaparm",0.338452965486795,0.213766812812537,0.666229050373659,3,0.000445275847086292
"thetaparm",0.489931324031204,0.379102477570996,0.0620544736739248,1,0.000449860963734325
"thetaparm",0.411159465787932,0.282340555684641,0.519758505281061,2,0.000878715952699671
"thetaparm",0.343694126000628,0.212447600439191,0.68620116612874,1,0.000869912156676686
"thetaparm",0.475006531225517,0.352726559620351,0.271244319621474,2,0.000918516211922203
"thetaparm",0.44012488774024,0.326754168607295,0.282216202002019,2,0.000547394331335473
"thetaparm",0.512579361442477,0.394367106957361,0.116281747817993,2,5.37497663876951e-05
"thetaparm",0.477562359534204,0.365789073752239,0.120554038090631,1,0.000615405379086491
"thetaparm",0.488442227244377,0.375500268070027,0.0774737810716033,1,0.00121130804669516
"thetaparm",0.368856264976785,0.246460735797882,0.56912859971635,2,0.00124083446997827
"thetaparm",0.489581938600168,0.376773163210601,0.104210641933605,1,0.000242915705066273
"thetaparm",0.474263480165973,0.365858545526862,0.0834137287456542,3,0.000419061700907261
"thetaparm",0.43486321833916,0.323229657486081,0.268608447164297,3,0.00085662804652473
"thetaparm",0.403582278871909,0.281785160535946,0.515992788365111,1,0.000959962733535883
"thetaparm",0.534491813508794,0.41641376609914,0.023866529809311,3,0.000210527380978136
"thetaparm",0.424118146765977,0.306808313122019,0.425244266865775,2,0.00127832669153748
"thetaparm",0.400926316156983,0.273066552588716,0.574339081533253,1,0.00123032321453761
"thetaparm",0.395638411166146,0.275261475937441,0.511948315426707,2,0.000319689350635657
"thetaparm",0.418311108835042,0.295924770645797,0.468432496068999,0,0.000259865791782953
"thetaparm",0.350200776010752,0.217939604772255,0.69651856017299,0,0.000603270580262705
"thetaparm",0.423184406245127,0.307040128624067,0.385288447374478,2,5.52201117037104e-07
"thetaparm",0.237118219491094,0.0879100130405277,0.901021301746368,3,0.000196925516514325
"thetaparm",0.385635719634593,0.256407460430637,0.614286913303658,1,0.0010530005078937
"thetaparm",0.311044059926644,0.17371609271504,0.775056218495592,1,0.000469585718518708
"thetaparm",0.400771726621315,0.277973660267889,0.517172256484628,1,0.000218628662017408
"thetaparm",0.429253931855783,0.304801910882816,0.430532617960125,1,0.00103050533070327
"thetaparm",0.421967222588137,0.305650676600635,0.39723773743026,2,0.000266646370459079
"thetaparm",0.406036374391988,0.273491427768022,0.578936802223325,3,0.000262077928620368
"thetaparm",0.461103927576914,0.334688570583239,0.395617594476789,3,0.000489956298503815
"thetaparm",0.535891733597964,0.417728578206152,0.0439662039279938,3,0.000423648453930135
"thetaparm",0.508633793564513,0.39143065107055,0.119636763585731,2,0.00018798788143394
"thetaparm",0.251843453384936,0.090316841378808,0.906168638262898,2,1.42541483900208e-05
"thetaparm",0.487577912863344,0.364743956131861,0.231774774147198,3,0.00112599984441909
"thetaparm",0.478834172245115,0.355704612797126,0.266562859062105,3,0.00103230934966933
"thetaparm",0.283370869932696,0.141101491870359,0.826463891658932,1,0.00121789766249145
"thetaparm",0.470089410897344,0.356673137284815,0.227066076360643,1,0.00104361615916954
"thetaparm",0.458624111954123,0.345099230995402,0.26445880997926,2,0.000954920919878883
"thetaparm",0.461676649749279,0.340420037508011,0.345146122388542,1,0.000754916495348059
"thetaparm",0.40423803916201,0.280888197245076,0.51509033376351,0,0.000335306660631401
"thetaparm",0.513729150639847,0.396883681882173,0.071887101046741,2,0.000475674400866506
"thetaparm",0.39849199866876,0.27353270817548,0.52953383885324,0,0.000388121420460033
"thetaparm",0.478723846375942,0.359827782958746,0.236447510309517,1,0.000172726796372393
"thetaparm",0.493303332477808,0.370311722857878,0.230805268278345,3,0.000575288011880681
"thetaparm",0.340267541818321,0.21449858462438,0.68965313420631,3,0.00120803391113993
"thetaparm",0.322734220186248,0.193087904248387,0.738080696202815,2,0.000941941345496942
"thetaparm",0.451893135672435,0.327390308491886,0.416789763374254,2,0.00111703032770966
"thetaparm",0.40135997463949,0.270421949680895,0.566530602052808,2,0.000453394803706392
"thetaparm",0.49305405956693,0.379598052473739,0.0756879097316414,0,0.00100663652524396
"thetaparm",0.524056028807536,0.408588006393984,0.0104365847073495,2,0.000421322948702185
"thetaparm",0.437980409013107,0.316254453966394,0.425816964125261,1,0.00105810016970169
"thetaparm",0.287320223636925,0.149806498549879,0.819273074157536,2,0.000523342746112071
"thetaparm",0.238663338357583,0.0836702531669289,0.91071952576749,1,0.000489687909062744
"thetaparm",0.229224454378709,0.0520394418854266,0.943321498576552,3,0.000931528823935636
"thetaparm",0.460103000979871,0.341144972480834,0.331837360048667,1,0.0010746580220524
"thetaparm",0.449108331929892,0.323127634357661,0.399653746047989,3,0.00056550264276857
"thetaparm",0.476992435753345,0.369959984906018,0.0297699775546789,3,0.00089298014726737
"thetaparm",0.509522480424494,0.399162088520825,0.0136055904440582,1,0.000575075674200089
"thetaparm",0.487742319935933,0.364015273749828,0.261501701781526,3,0.000457124156036919
"thetaparm",0.416671556653455,0.294534950982779,0.470912504475564,0,0.000280234290918804
"thetaparm",0.427947666496038,0.300473722163588,0.469587206374854,2,0.000666446778553476
"thetaparm",0.346039755735546,0.216103971470147,0.686039780033752,1,6.11080638706733e-05
"thetaparm",0.468375999946147,0.350175072671846,0.275117618497461,1,0.000304435289762026
"thetaparm",0.348007220542058,0.215391108766198,0.709313260624185,0,0.00118832439450759
"thetaparm",0.424341453472152,0.294654740020633,0.532079856144264,3,0.00113853284323311
"thetaparm",0.358990111621097,0.229314020602033,0.641954966820776,0,0.00117375397776835
"thetaparm",0.301716497400776,0.159661172656342,0.80420839576982,0,0.000583205153510902
"thetaparm",0.423171322327107,0.300586499739438,0.4353246120736,0,0.000756169457058257
"thetaparm",0.402896501589566,0.279069291194901,0.51748829963617,0,6.77305845619459e-05
"thetaparm",0.505742644425482,0.396117640659213,0.00386098981834948,1,0.000281453640291349
"thetaparm",0.471048717387021,0.359833451453596,0.138716169400141,2,0.00055856609422433
"thetaparm",0.354984343750402,0.233167268335819,0.601071004755795,3,0.0011088449492112
"thetaparm",0.403891066322103,0.271551561309025,0.593115049879998,3,0.000926503612906464
"thetaparm",0.217095043743029,0.0268976567313075,0.960190676851198,3,0.00108932197727806
"thetaparm",0.388296194374561,0.270405626157299,0.509387217462063,3,0.000303017457632337
"thetaparm",0.50315891392529,0.389495691983029,0.0488800150342286,0,0.000738005482722379
"thetaparm",0.382044196361676,0.25891028996557,0.574678838951513,2,0.000708719299972325
"thetaparm",0.342602726072073,0.210725807351992,0.702952639199793,1,0.000117016925189083
"thetaparm",0.454112391686067,0.34454759536311,0.213545371312648,3,0.000618669616211171
"thetaparm",0.447942494181916,0.330882976297289,0.330992916831747,1,0.000477114708032446
"thetaparm",0.435699328081682,0.31793630332686,0.396465569734573,1,0.00126541324315423
"thetaparm",0.469034159556031,0.354997288435698,0.206338845659047,1,2.73708602923847e-05
"thetaparm",0.466687154490501,0.352585718501359,0.207093111006543,1,0.000305410149107066
"thetaparm",0.320288810878992,0.19258119049482,0.718190332176164,3,0.000515010079245197
"thetaparm",0.422810907708481,0.298546169186011,0.453911124495789,1,0.000683612588835779
"thetaparm",0.354879797901958,0.220051757059991,0.703975621378049,1,0.000902230679430967
"thetaparm",0.441764818504453,0.312544905813411,0.457737343851477,3,0.000231523900753379
"thetaparm",0.430015703430399,0.310725959250703,0.383606391493231,1,0.000649287738201412
"thetaparm",0.324468433391303,0.197053069248796,0.728038122411817,3,0.00122137868211306
"thetaparm",0.464208922348917,0.34705345495604,0.273909144336358,0,0.000249138376590487
"thetaparm",0.502876962302253,0.385166916996241,0.107329195830971,2,0.0010269399568657
"thetaparm",0.507255144417286,0.392321176361293,0.0693917209282517,1,0.000339138855575984
"thetaparm",0.461817795876414,0.342845991021022,0.325364736374468,1,0.00101916150989479
"thetaparm",0.50576877198182,0.38892744621262,0.0769793167710304,2,0.00117929148621223
"thetaparm",0.432230669772252,0.303969351109117,0.496315754950047,3,0.000872447944099439
"thetaparm",0.443308272399008,0.329645167570561,0.309352839831263,2,0.000676255398956507
"thetaparm",0.287463201675564,0.133641570108011,0.852872883901,3,0.000677728478406279
"thetaparm",0.50130682066083,0.380242995684966,0.167554651387036,3,0.000905334274918613
"thetaparm",0.280526568414643,0.129175588022918,0.864317447179928,2,0.000915859764630683
"thetaparm",0.490189738804474,0.380789404036477,0.0330585001502186,2,0.000515380287179745
"thetaparm",0.212958838790655,0.0258827563375235,0.958609438268468,2,9.40100434585756e-05
"thetaparm",0.446245163446292,0.335127007681876,0.23560442798771,3,0.000348538515651271
"thetaparm",0.503357733832672,0.391450012568384,0.0228051173035055,0,0.00057650305953429
"thetaparm",0.482379126595333,0.365826463326812,0.226527850143611,1,0.000961665822572261
"thetaparm",0.476795069174841,0.36012431490235,0.227026685606688,0,0.000314690007817933
"thetaparm",0.440520526841283,0.317988367285579,0.384436617372558,1,0.000773041819264717
"thetaparm",0.521088916575536,0.408237172989175,0.0101730932947248,1,0.000491965830846559
"thetaparm",0.440394055331126,0.315054076490924,0.448167444439605,2,0.000787140775737816
"thetaparm",0.448391266167164,0.327820798614994,0.376479465514421,1,0.000738754078718644
"thetaparm",0.316475417697802,0.188593372004107,0.736974796047434,3,0.000517350759061341
"thetaparm",0.368700224440545,0.23474281700328,0.654773845570162,2,0.000531551491130017
"thetaparm",0.47439601412043,0.349818713730201,0.345224830554798,3,0.000752628499915555
"thetaparm",0.364754436770454,0.228780719218776,0.68578796624206,2,0.000440121376740928
"thetaparm",0.481141285505146,0.373566438211128,0.0320221553556621,3,0.00064351087570844
"thetaparm",0.395289376145229,0.268898274982348,0.575856237439439,0,0.00118823373736359
"thetaparm",0.413724448299035,0.285107165807858,0.550770574249327,2,0.00124250228992943
"thetaparm",0.463767421897501,0.340372906066477,0.339145738631487,2,0.00017701855354289
"thetaparm",0.433746578171849,0.302946734242141,0.4731855916325,3,0.00116103470891397
"thetaparm",0.458482529269531,0.341992028988898,0.27371340082027,0,0.000105619051445838
"thetaparm",0.387743171537295,0.251605084398761,0.631251879967749,3,0.000344837961653913
"thetaparm",0.362840397749096,0.23430890776217,0.649197325343266,1,0.000454741700022042
"thetaparm",0.340260761557147,0.215217733988538,0.682693036971614,3,0.000967809768839818
"thetaparm",0.428772248327732,0.300011337734759,0.483196918619797,3,0.000425464110548373
"thetaparm",0.49811890698038,0.377083029830828,0.193544188048691,3,0.000406081385017451
"thetaparm",0.278239998035133,0.143005803227425,0.815646531293169,3,0.000864335176042813
"thetaparm",0.477250695228577,0.362901309272274,0.208877722965553,0,0.000839181218136899
"thetaparm",0.440633437363431,0.328607593895867,0.266022139461711,3,0.000426237843847505
"thetaparm",0.490369132952765,0.368364268913865,0.262877497589216,3,0.000624517331695454
"thetaparm",0.438672152580693,0.315962951863185,0.398894958663732,1,0.000461735153008559
"thetaparm",0.411162033909932,0.291366501478478,0.431406408548355,1,0.00126364627416196
"thetaparm",0.422084084479138,0.308416558196768,0.369068380445242,3,0.000355139030349248
"thetaparm",0.45420061587356,0.329154085367918,0.410440782550722,2,0.000901301205822151
"thetaparm",0.532659036340192,0.418117426801473,0.00405793194659054,2,0.000705740757076995
"thetaparm",0.240182210924104,0.0926074057351798,0.899613042362034,3,0.000872148732200272
"thetaparm",0.487163412384689,0.37158959521912,0.197738982271403,0,0.00100362068766562
"thetaparm",0.253388645127416,0.111972952494398,0.868174837203696,3,0.000328436012730093
"thetaparm",0.377729423111305,0.249618545407429,0.619777152081951,0,0.000766603830097853
"thetaparm",0.518604110460728,0.401674305554479,0.0447136196307838,2,0.000755881483262499
"thetaparm",0.476482957135886,0.364643171196803,0.127056256867945,1,0.000575939634743866
"thetaparm",0.347252805484459,0.20581704005599,0.741544089047238,3,0.000510692897367233
"thetaparm",0.431551491376013,0.313513361150399,0.351008313242346,1,0.0012384690854683
"thetaparm",0.531033786013722,0.413651024922729,0.0216494151391089,3,0.000296730695605107
"thetaparm",0.304275207687169,0.154074251186103,0.82291734055616,3,0.000739541154329431
"thetaparm",0.373305113753304,0.238197029335424,0.669981436338276,2,0.000812585014057569
"thetaparm",0.46249118167907,0.350004756823182,0.191464598523453,2,0.000526321871677699
"thetaparm",0.341585012152791,0.202928882325068,0.723155534593388,2,0.00107120919600952
"thetaparm",0.339328597765416,0.196387481642887,0.74353657127358,3,0.00120932104528693
"thetaparm",0.303475608350709,0.169455093331635,0.778905662707984,2,4.86289219079269e-05
"thetaparm",0.452093142550439,0.32425204012543,0.415927511639893,3,0.000302425659533995
"thetaparm",0.310825326247141,0.177949473029003,0.771280337125063,2,0.000904755953325828
"thetaparm",0.288399167824537,0.152783123543486,0.813146034022793,3,0.000686227479574659
"thetaparm",0.453992282273248,0.325973836937919,0.440260818926618,3,0.000933913744138266
"thetaparm",0.413579972228035,0.288169026374817,0.526986537966877,1,0.00127770310071213
"thetaparm",0.375939469318837,0.250069272937253,0.603552229003981,1,0.00041384177531292
"thetaparm",0.458410314517096,0.332715511554852,0.396210614126176,3,0.000507094175074146
"thetaparm",0.256507806479931,0.0956860745791346,0.89949192921631,2,0.000378308306195542
"thetaparm",0.486181494081393,0.380269373534247,0.0328060628380626,3,0.000774643760586245
"thetaparm",0.268787626642734,0.118914605583996,0.863700814545155,0,0.00115631074907092
"thetaparm",0.491132512222975,0.378999145934358,0.0616241237148643,1,0.000970917904723985
"thetaparm",0.431691607227549,0.313081562751904,0.409114524256438,1,0.000938712839111441
"thetaparm",0.329960143193603,0.191333970054984,0.763574610697106,1,0.00103006864466279
"thetaparm",0.238069813232869,0.0762565317563713,0.921098963124678,1,0.000804784161844718
"thetaparm",0.405882006045431,0.286244298797101,0.445972918299958,2,0.00122477336500329
"thetaparm",0.314923899713904,0.185956190340221,0.744443827308714,3,0.000491930597295104
"thetaparm",0.363362359115854,0.233261013170704,0.66694620042108,0,0.00115882699499974
"thetaparm",0.314542507519946,0.167672113748267,0.812006847234443,3,0.000936311750414007
"thetaparm",0.281007955083624,0.13324780552648,0.851329874480143,1,9.45089580876475e-05
"thetaparm",0.38425557478331,0.254070826806128,0.613769496325403,1,0.000431300343988014
"thetaparm",0.456988716032356,0.344545707805082,0.19578972668387,2,0.00102777683359825
"thetaparm",0.36391003173776,0.239647520473227,0.61450401507318,2,5.19328603112226e-05
"thetaparm",0.332151019945741,0.187188600655645,0.771346078487113,3,0.000244660991960015
"thetaparm",0.426358863944188,0.305965743726119,0.406139462720603,0,0.000653302886233883
"thetaparm",0.470824244199321,0.349405606975779,0.295969627797604,2,0.000119846170539659
"thetaparm",0.468837254447863,0.357079852139577,0.194594021420926,2,0.000649548696791336
"thetaparm",0.444026901386678,0.328049031784758,0.326352561824024,1,0.000325598161190106
"thetaparm",0.502055136952549,0.381752040237188,0.19097756431438,3,0.00026632412924393
"thetaparm",0.494765664916486,0.378114911960438,0.122689751442522,1,0.000967582371541126
"thetaparm",0.479633340379223,0.364075823919848,0.16677749925293,0,0.000799609715500756
"thetaparm",0.514433049829677,0.393971876939759,0.104043905157596,3,0.00114586842309778
"thetaparm",0.499263182515278,0.387098140316084,0.0495341373607516,0,0.000417505044440471
"thetaparm",0.475431521655992,0.355126317823306,0.277740649413317,2,0.000250945104411975
"thetaparm",0.415260109584779,0.282149404287338,0.573402709327638,3,0.000922099691411118
"thetaparm",0.464588468894362,0.337766416603699,0.354139673756436,3,0.000980134742280345
"thetaparm",0.374653605045751,0.236611533677205,0.661134836263955,3,0.00085901016296366
"thetaparm",0.422335939481854,0.306393798440695,0.40747297485359,2,0.000916105559796189
"thetaparm",0.482803768711165,0.359643959440291,0.258407771121711,3,0.00088319444514422
"thetaparm",0.371835408965126,0.250189582351595,0.596293748822063,3,0.00120383873895711
"thetaparm",0.473526058485731,0.362532233819366,0.179693516343832,2,0.00106354294085497
"thetaparm",0.516085443552583,0.399187217233703,0.0857331701554358,2,0.000134060370885172
"thetaparm",0.407778258901089,0.278063295176253,0.565913042752072,2,0.000881015632177722
"thetaparm",0.438825958641246,0.32625158270821,0.285278390627354,3,0.000223927985892824
"thetaparm",0.459471196867526,0.336908546742052,0.32568741007708,2,0.000847260246250339
"thetaparm",0.492000968428329,0.378464107168838,0.07804657635279,0,0.00109688923955705
"thetaparm",0.474254073109478,0.354637459851801,0.276882314588875,1,0.000395644083190792
"thetaparm",0.501310196006671,0.380354884080589,0.188678601291031,3,0.000181755507327384
"thetaparm",0.384049366693944,0.259237611433491,0.56530878553167,1,0.00031146468184105
"thetaparm",0.456209094263613,0.340857871575281,0.268768851878121,1,3.11474635007192e-05
"thetaparm",0.431981405941769,0.317845034180209,0.329540512524545,3,0.000159774368490795
"thetaparm",0.393891322659329,0.25903402804397,0.617450255900621,3,0.000102182179169599
"thetaparm",0.351751068141311,0.214517295360565,0.716533686034381,2,0.000551646283736752
"thetaparm",0.318278319668025,0.187435569008812,0.731731915147975,2,0.000978049947011256
"thetaparm",0.198561706347391,0.0247685885988176,0.957462952006608,2,0.000519982314647657
"thetaparm",0.299826288362965,0.168091697385535,0.772540407720953,3,0.000491158252043294
"thetaparm",0.400702436687425,0.266874572727829,0.578061278676614,3,0.00106899374551174
"thetaparm",0.226793861482292,0.0524100598413497,0.939400130184367,2,0.000408925639342486
"thetaparm",0.391077432781458,0.261779924854636,0.606462790165097,1,0.00126566795386238
"thetaparm",0.529149936279282,0.410595453577116,0.0340706461574882,3,0.000701081421413938
"thetaparm",0.409974109381437,0.27951764059253,0.536903486354277,2,0.000783665970676556
"thetaparm",0.203643640736118,0.012802176643163,0.967439521802589,0,0.000815848379614563
"thetaparm",0.420398419722915,0.304591609397903,0.372917579486966,2,0.000710237370957087
"thetaparm",0.370392667129636,0.235341435996816,0.672917587449774,2,0.000635252554641641
"thetaparm",0.429750399198383,0.308912052772939,0.434916354017332,0,0.000833980881740786
"thetaparm",0.512868486344814,0.391671396559104,0.149033773457631,3,0.000280741859784595
"thetaparm",0.425366505980492,0.296880142297596,0.500419670948759,2,0.000127414903041505
"thetaparm",0.469731443794444,0.357204414904118,0.195370125118643,1,0.000425989686916813
"thetaparm",0.475337038515136,0.353734919801354,0.262252650456503,2,0.00090345476828459
"thetaparm",0.435840104706585,0.314645921578631,0.413228233344853,0,0.000487115833435702
"thetaparm",0.384525965433568,0.257354946341366,0.570304475491866,0,0.000993942528840962
"thetaparm",0.507923103636131,0.391210871282965,0.0950675078202039,2,0.000363051806233555
"thetaparm",0.506806627614424,0.395376041997224,0.0568923517130315,0,0.000919053207929489
"thetaparm",0.469153872225434,0.352036482654512,0.235107254935429,0,0.000498965931213215
"thetaparm",0.501261457800865,0.389348109951243,0.0239354132208973,0,0.000773343735762023
"thetaparm",0.347797973779961,0.22242639050819,0.652738550212234,3,0.000244661256690242
"thetaparm",0.4675609159749,0.342037823516876,0.336546961450949,3,0.000776427706269026
"thetaparm",0.270499891368672,0.131973356474191,0.839729458792135,3,0.000304557870001186
"thetaparm",0.495919751236215,0.373994450550526,0.214204316027462,3,0.000373516181482784
"thetaparm",0.400747600477189,0.278271171962842,0.523378369165584,1,0.000678188981846694
"thetaparm",0.463397497776896,0.344963569194078,0.295872585615143,0,0.000375275919350961
"thetaparm",0.418228443479165,0.294739404693246,0.454928998835385,0,0.000887195991979738
"thetaparm",0.436319639440626,0.316880721366033,0.352959063369781,0,0.00119668139158421
"thetaparm",0.437111498322338,0.310692188562825,0.461187505163252,2,0.000538013216497123
"thetaparm",0.492443747585639,0.377699576085433,0.173230608226731,0,0.00118160659564185
"thetaparm",0.329223742475733,0.185620296513662,0.774594355607405,2,0.000170418609697177
"thetaparm",0.28995661647059,0.153227060567588,0.812754119280726,2,0.000469330235368839
"thetaparm",0.459680499508977,0.335797145497054,0.392478244379163,2,0.0012595106515231
"thetaparm",0.468469717539847,0.343263387214392,0.320682271849364,3,0.00115633580661534
"thetaparm",0.502872429788113,0.389282118296251,0.108141475589946,0,0.000908969044823106
"thetaparm",0.494060436729342,0.381899924017489,0.0856748418882489,1,2.36401592463679e-05
"thetaparm",0.350798045285046,0.21761886193417,0.681911344174296,0,0.000891632852901177
"thetaparm",0.472330041229725,0.34993732185103,0.296397637808695,2,0.00036090620934609
"thetaparm",0.417636358411983,0.28892030287534,0.526745275128633,2,0.000405574983557023
"thetaparm",0.472784361802042,0.362506407313049,0.122490478679538,2,0.000380598023298682
"thetaparm",0.378686015494168,0.252955903764814,0.584249971201643,1,0.000340902293451763
"thetaparm",0.208924076752737,0.0381256686523557,0.948397992411628,1,0.000501923798168494
"thetaparm",0.376453830627725,0.239572719438002,0.652547057485208,3,0.000761841045518324
"thetaparm",0.52414156938903,0.409423220669851,0.0338821383193135,2,0.000560148292712812
"thetaparm",0.315594944404438,0.187556575983763,0.74402952962555,3,0.000976312434616371
"thetaparm",0.423109224997461,0.306125435279682,0.385004908777773,2,0.000413300813804463
"thetaparm",0.399347089696676,0.274790023220703,0.509699255693704,0,0.00117615989448918
"thetaparm",0.397831377573311,0.27662915084511,0.51274478295818,1,0.000303524095751507
"thetaparm",0.474165327148512,0.359487648354843,0.19871093868278,0,2.37534677023643e-05
"thetaparm",0.384108668891713,0.261621245648712,0.530423964606598,2,0.00127705007678891
"thetaparm",0.292103709885851,0.144619614584371,0.842035990906879,1,0.000885718320710827
"thetaparm",0.364110335940495,0.243705597706139,0.579247496556491,3,0.00041537943213351
"thetaparm",0.287802524631843,0.147389148361981,0.817713050637394,1,0.000808885697250749
"thetaparm",0.456169749610126,0.346839031670243,0.166259025922045,3,0.000520090377593138
"thetaparm",0.317675089230761,0.179004513425753,0.774471131619066,0,0.000103742327943173
"thetaparm",0.467266274383292,0.345797251211479,0.305955696385354,2,0.00018095116208736
"thetaparm",0.501370828831568,0.384459056891501,0.10363502195105,1,0.000911390459255035
"thetaparm",0.410232137655839,0.288853759178892,0.481660074787214,1,0.000298762036411951
"thetaparm",0.363160839304328,0.232956936117262,0.651987564750016,0,1.59922558790118e-05
"thetaparm",0.420636495808139,0.304201858816668,0.403618065174669,2,0.000313628578240931
"thetaparm",0.396694732829928,0.277043645968661,0.485924976412207,2,0.000543061033631029
"thetaparm",0.307112784357741,0.1748155830428,0.768712191376835,3,0.000218197886150507
"thetaparm",0.489899687236175,0.368367843329906,0.244973546825349,3,0.000180260141876071
"thetaparm",0.447180369403213,0.329331475542858,0.330419608391821,0,9.59145058062466e-06
"thetaparm",0.499178091762587,0.381425422383472,0.176967624109238,2,0.000658676366311197
"thetaparm",0.423235788242891,0.29901118343696,0.489013301441446,1,0.001078988462524
"thetaparm",0.447788094403222,0.322987329447642,0.421917179366574,2,0.000733092935198895
"thetaparm",0.403557963902131,0.281771233305335,0.488932530395687,1,0.00041976764667094
"thetaparm",0.422666505211964,0.309688788838685,0.35154577693902,3,6.79963197864862e-05
"thetaparm",0.421263118973002,0.298580798087642,0.43889904441312,0,0.000887811221870715
"thetaparm",0.28316172468476,0.132317234529182,0.857625701231882,2,0.000437145543226221
"thetaparm",0.492834968259558,0.377976650604978,0.143006277969107,0,0.000278933132192134
"thetaparm",0.248744217911735,0.0907728953752667,0.906104524387047,1,0.000569797408364672
"thetaparm",0.478662478271872,0.364210474770516,0.208046807907522,0,0.000914451150839553
"thetaparm",0.259922907687724,0.119558988604695,0.864476315677166,3,0.000883594197470694
"thetaparm",0.479167311452329,0.363742551300675,0.167119114426896,0,0.000779695000584387
"thetaparm",0.380645644385368,0.258931554388255,0.567588131409138,2,0.000702963331496151
"thetaparm",0.465664126677439,0.349112547468394,0.232353964122012,0,0.000741974792921263
"thetaparm",0.393627624725923,0.26951357559301,0.543236212339252,1,8.55486231069146e-05
"thetaparm",0.267738609341905,0.108331265160814,0.885730314999819,3,0.000539349150176394
"thetaparm",0.492960031842813,0.372479615034536,0.187825061380863,2,0.000902751162892731
"thetaparm",0.463461472652853,0.352078879252076,0.208925120765343,2,0.00067177633525109
"thetaparm",0.434282698202878,0.30892132781446,0.438505536643788,2,0.000409872416066593
"thetaparm",0.52887907018885,0.410534867085516,0.0820459511596709,3,0.000673606066193499
"thetaparm",0.4696252157446,0.34630645159632,0.332948016701266,2,0.000304894279253207
"thetaparm",0.465933964587748,0.356044705957174,0.125056914286688,3,0.00090875689937106
"thetaparm",0.414095693500713,0.286289246287197,0.539935871725902,2,0.00104376315562783
"thetaparm",0.497157415375113,0.37515691970475,0.218685100786388,3,0.000123013557569145
"thetaparm",0.469914915738627,0.356086602434516,0.186704157618806,1,0.000460484876270692
"thetaparm",0.368824382312596,0.235146023565903,0.653001369442791,1,0.00053192133798349
"thetaparm",0.520028995117173,0.39978702715598,0.124227941734716,3,0.00014532585342341
"thetaparm",0.504269137978554,0.382027607876807,0.223300026264042,3,0.000690700835998672
"thetaparm",0.531290933024138,0.415624426212162,0.006399484584108,2,0.000115913894734358
"thetaparm",0.491628118790686,0.375137721654028,0.134062815457582,1,0.000898173726180233
"thetaparm",0.474301746347919,0.351519732736051,0.323488940484822,2,0.000705025856583014
"thetaparm",0.366202854551375,0.238917900482193,0.620355969993398,1,0.0005379750952949
"thetaparm",0.405031870817766,0.279334715334699,0.506415979936719,1,0.00105149670944734
"thetaparm",0.451248517259955,0.335544570581988,0.284417615039274,1,0.000230227460522304
"thetaparm",0.453983808401972,0.343670628964901,0.224811892956495,3,0.000600102645131148
"thetaparm",0.48310911655426,0.361004235455766,0.289541281061247,3,0.000732009875370115
"thetaparm",0.386672516586259,0.264376488048583,0.545345711288974,2,3.53466720283864e-05
"thetaparm",0.238695180974901,0.0883362966123968,0.906401115236804,2,0.00113161450767045
"thetaparm",0.247263147961348,0.0909061497077346,0.901471451856196,0,0.000388568142661822
"thetaparm",0.284546765033156,0.137640453409404,0.847376635298133,1,0.000486140968441465
"thetaparm",0.46398623730056,0.352265858324245,0.18511503841728,2,0.000185181639744396
"thetaparm",0.492088896920905,0.372977056773379,0.17146882857196,2,0.000907913918976721
"thetaparm",0.362700603436679,0.235394508810714,0.651873621158302,1,0.00112457943261095
"thetaparm",0.42518486478366,0.300819189753383,0.479331024922431,1,0.00079409236532962
"thetaparm",0.502048368332908,0.394664825405926,0.014682024018839,2,0.00124355140527931
"thetaparm",0.375333584612235,0.248255895217881,0.602352573536336,0,0.000261947030105694
"thetaparm",0.503816427662969,0.396738345967606,0.00202949158847332,2,0.00125587056562886
"thetaparm",0.27522334526293,0.124983376357704,0.86209542863071,1,0.000187357863024883
"thetaparm",0.461222669109702,0.348262710263953,0.245366492541507,2,0.000866299006942635
"thetaparm",0.264584829797968,0.112958202837035,0.8730102062691,1,0.000953645621738646
"thetaparm",0.51424495363608,0.394408209947869,0.114212905522436,3,0.000579063688984811
"thetaparm",0.489040604559705,0.367325984872878,0.274741264758632,3,0.00101585735463175
"thetaparm",0.242098876507953,0.0951365942601115,0.892696846742183,3,8.74961748109533e-05
"thetaparm",0.495933613972738,0.382240740349516,0.139181818580255,0,0.00101672788437935
"thetaparm",0.419718801276758,0.292481104610488,0.479663161560893,2,0.00114241981583901
"thetaparm",0.321451175026596,0.188937949715182,0.749551752815023,2,0.000648377062725358
"thetaparm",0.507008383749053,0.395775117445737,0.0374186907429248,0,0.000525486072538075
"thetaparm",0.437498556450009,0.313257097965106,0.451231086626649,1,0.00105694288066703
"thetaparm",0.42518260050565,0.304190964670852,0.409935744712129,0,0.000923255371820815
"thetaparm",0.41166737023741,0.296116235200316,0.394738886272535,3,0.000833262927157383
"thetaparm",0.404448892455548,0.277378952363506,0.546777575043961,1,0.00046385619676715
"thetaparm",0.451275373110548,0.339925508247688,0.23760176403448,3,0.000213327743485071
"thetaparm",0.34481560648419,0.216050382470712,0.678018871461973,1,0.000263155798640873
"thetaparm",0.515500168083236,0.39471975993365,0.139798269374296,3,0.000100477241387332
"thetaparm",0.358254848513752,0.23061207216233,0.648841226007789,1,0.000100990145508201
"thetaparm",0.424035353353247,0.304163897875696,0.443434488261119,1,0.000936489565268754
"thetaparm",0.416541250655428,0.285265954211354,0.5190606249962,3,0.00125339260221752
"thetaparm",0.475940029136837,0.363014072412625,0.140991286141798,1,0.000760230206905885
"thetaparm",0.333710080711171,0.197916636476293,0.73061535297893,0,0.000499979789041854
"thetaparm",0.331321202218533,0.203445132821798,0.709283175878227,3,0.000511989800270129
"thetaparm",0.406848500948399,0.27987407753244,0.538253597915173,1,0.000351891600944388
"thetaparm",0.35680916137062,0.22496141330339,0.663201044080779,0,0.00085936075599579
"thetaparm",0.399393170140684,0.281545896315947,0.448661796282977,3,0.00115366060885957
"thetaparm",0.475772762903944,0.365155478473753,0.116477921139449,2,0.000386738575876663
"thetaparm",0.393951040459797,0.266579485498369,0.576889384770766,1,0.000668954417371557
"thetaparm",0.400999692967162,0.280329904519022,0.470314538339153,1,0.00118865264863136
"thetaparm",0.469898410374299,0.358601121697575,0.154883226612583,2,0.000238031760812458
"thetaparm",0.421986675122753,0.291561474325135,0.53282258589752,3,0.000580178224142219
"thetaparm",0.420562229352072,0.302634718827903,0.429394534323364,2,0.000749468861362169
"thetaparm",0.478388994466513,0.371194982435554,0.0704048823099583,3,0.000288686678866432
"thetaparm",0.362054287223145,0.232690685428679,0.645816416013986,0,0.000269899584825213
"thetaparm",0.237852662568912,0.0808305712416768,0.912071820115671,0,0.00012966706894146
"thetaparm",0.462454924359918,0.340112501988187,0.311429590452462,2,0.000942117231925513
"thetaparm",0.471063632052392,0.34850510279648,0.294823997654021,2,0.000641002451280435
"thetaparm",0.321091489400715,0.18863779399544,0.742127656470984,2,0.000133871734034074
"thetaparm",0.470922005362809,0.360097230412066,0.112228590296581,2,0.00118192347354373
"thetaparm",0.254786843433976,0.103502961574122,0.885272665414959,0,0.000469646260599574
"thetaparm",0.473751751007512,0.350069798296317,0.319423120468855,3,9.17428288918359e-05
"thetaparm",0.510711940005422,0.396942924475297,0.0805301112122834,1,0.000871389624113792
"thetaparm",0.332017815671861,0.206501889741048,0.684946455294266,3,0.000395375991201211
"thetaparm",0.508367438102141,0.394599630963057,0.0603305087424815,1,8.84021008129079e-05
"thetaparm",0.470764611382037,0.358408540487289,0.175509694265202,1,4.33646810082955e-06
"thetaparm",0.4147984017618,0.295963864307851,0.432842842303216,2,0.000244470601382902
"thetaparm",0.233405584236607,0.0697352124843746,0.923413066426292,1,0.000400190356769369
"thetaparm",0.299158136360347,0.164259393932298,0.786775870015845,2,0.000306722126782736
"thetaparm",0.500103125115857,0.387565634679049,0.0293131214566529,0,0.00107059940808243
"thetaparm",0.533285821322352,0.414422265952453,0.0189131521619856,3,0.000819167789974342
"thetaparm",0.492073914734647,0.377746218582615,0.0946247635874897,0,0.000991014328135274
"thetaparm",0.384521193569526,0.262888172408566,0.555639368249103,2,0.00059605050728671
"thetaparm",0.433381952578202,0.302968409843743,0.511087706778198,3,0.000871097185419428
"thetaparm",0.229746482800692,0.0720664642285556,0.920520903076977,1,1.62338234182512e-05
"thetaparm",0.336439549457282,0.200735817663372,0.738562813028693,0,0.000762549181526184
"thetaparm",0.350836842786521,0.228272936772555,0.640915996627882,3,0.000618813996598626
"thetaparm",0.274994048289955,0.120607383782044,0.865634272340685,2,0.00120776791153817
"thetaparm",0.430338941747323,0.302149513270706,0.474698642734438,2,0.000396073453600158
"thetaparm",0.498381555313244,0.388565711444244,0.0409565775189549,1,0.000386010178507524
"thetaparm",0.503938702866435,0.385724136838689,0.170133363921195,2,0.000735873179505051
"thetaparm",0.4154155428987,0.2964646758046,0.438536634901538,1,4.01736966196206e-05
"thetaparm",0.47205696743913,0.361673661274835,0.153351121582091,2,0.000403779703239654
"thetaparm",0.527521220967174,0.412291154498234,0.04444107436575,2,0.000923033498838152
"thetaparm",0.29065668140538,0.140900273807347,0.849623068235815,2,0.000961660753198087
"thetaparm",0.240320366574451,0.0681934491731226,0.928514876402915,3,2.42828380677927e-05
"thetaparm",0.226436630124226,0.0696287187747657,0.91922324965708,2,0.000972099993007073
"thetaparm",0.295559609076008,0.15570444939658,0.805580948945135,1,0.000696618951141804
"thetaparm",0.405285002430901,0.288343013031408,0.425954542588443,3,0.000969856046620698
"thetaparm",0.385701906867325,0.256267846096307,0.596086951438338,1,0.000188613232242518
"thetaparm",0.429991352371871,0.302593061933294,0.469064477598295,2,0.000392751170008438
"thetaparm",0.411744984798133,0.278188936645165,0.577876955503598,3,0.000553798261313149
"thetaparm",0.35669036093168,0.227487247437239,0.649137158645317,1,0.000797695531575743
"thetaparm",0.488310818560421,0.377796144923195,0.0594553975388408,1,0.000538074242642437
"thetaparm",0.459254389861599,0.335554885677993,0.380020945332944,2,0.000785465987321241
"thetaparm",0.446857564616948,0.327516809804365,0.34613543539308,0,0.000110036232661329
"thetaparm",0.280230382224545,0.131719663739204,0.849269883707166,1,0.000735400720744947
"thetaparm",0.528931169304997,0.409698707517236,0.0804507839493454,3,0.000249888916856272
"thetaparm",0.26327544474043,0.112054196652025,0.876579944975674,0,0.000354012145955263
"thetaparm",0.421630470780656,0.292474181624129,0.515905904117972,2,0.000174522320913233
"thetaparm",0.387096254853532,0.258870051242411,0.589376717340201,1,0.000119010719386647
"thetaparm",0.438644280424342,0.323202490340918,0.353141168830916,2,0.000945468563299461
"thetaparm",0.459198540309444,0.340782460290939,0.31268045771867,0,0.000500242825287371
"thetaparm",0.511854355223477,0.401748190633953,0.00370755302719772,1,0.000682148921704921
"thetaparm",0.420027579646558,0.288042363477871,0.541764701483771,3,0.00018285547678383
"thetaparm",0.513559564715251,0.400905477115884,0.0250176740810275,0,0.000205496038320794
"thetaparm",0.465650722850114,0.34041261812672,0.32645540125668,3,0.0012829756731759
"thetaparm",0.325099767185748,0.184813058469445,0.77606304641813,1,0.000918967641352304
"thetaparm",0.320052661933005,0.173365469789132,0.795656271046028,3,0.000138782194773444
"thetaparm",0.252032740740106,0.106489148689434,0.885611872421578,2,0.00124339754212563
"thetaparm",0.200902601471171,0.0332615119405091,0.950526638422161,3,0.000885452993926023
"thetaparm",0.49215129041113,0.374510207911953,0.156651285244152,1,0.00067305023657865
"thetaparm",0.508367016678676,0.39224017271772,0.124010086292401,1,0.000783007218667031
"thetaparm",0.487761669326574,0.37281131837517,0.147683468414471,0,0.000183872328389127
"thetaparm",0.310658633476123,0.169082143809646,0.785833714297041,1,0.00103756707796222
"thetaparm",0.353280369658023,0.22743203304708,0.649141353089362,2,0.000131176078329753
"thetaparm",0.199475438566878,0.015606143977493,0.963752304203808,1,0.000515405806540064
"thetaparm",0.437614422524348,0.324347310233861,0.28072539716959,3,0.000871876477850524
"thetaparm",0.265268093906343,0.12597100646235,0.845392316579819,3,0.000855745928437495
"thetaparm",0.461797829251736,0.352795024868101,0.15795175707899,3,4.43104588205533e-05
"thetaparm",0.528714512940496,0.414670570986345,0.00763899250887334,1,0.00064734284876828
"thetaparm",0.432183337397873,0.307194806402549,0.454523710999638,1,0.000245457082327316
"thetaparm",0.520921215415001,0.404680409934372,0.0777956484816968,2,0.000702391093666453
"thetaparm",0.464517374988645,0.339947493746877,0.345663206418976,3,0.000346948451201329
"thetaparm",0.459432378876954,0.343185041332617,0.260326829273254,0,0.000349357517131756
"thetaparm",0.350953795714304,0.212975680595264,0.710451937746257,2,0.000426572586288625
"thetaparm",0.531058951979503,0.414688441436738,0.0463250551838428,2,0.000817849267832103
"thetaparm",0.387658822117373,0.25147009966895,0.619961543707177,3,0.00117485962379438
"thetaparm",0.366046766284853,0.232758410042152,0.675884287571535,1,0.000935962889592391
"thetaparm",0.358793273568153,0.221186514711007,0.713452185271308,2,0.00120073457367497
"thetaparm",0.423425439279526,0.302521492820233,0.427613143343478,0,0.0003088736452002
"thetaparm",0.524151847930625,0.40519437356852,0.109325820347294,3,0.000691537561890585
"thetaparm",0.397258661454543,0.274228446884081,0.523819135967642,1,1.15380362356865e-05
"thetaparm",0.524566532345489,0.405360862147063,0.128703048219904,3,0.00117024478412249
"thetaparm",0.442429085029289,0.320425223791972,0.369640269083902,1,0.00091838036237505
"thetaparm",0.476677438011393,0.369771332945675,0.0342323908116668,3,0.000738490730071938
"thetaparm",0.420150018297136,0.296952780336142,0.469414749648422,0,0.00019578007702848
"thetaparm",0.429726510075852,0.303341910941526,0.48208084423095,2,0.000638120789906899
"thetaparm",0.395593339111656,0.265077154384926,0.603378823958337,2,0.00119098123198487
"thetaparm",0.221328951884061,0.0613632178865373,0.929189918097109,1,0.00032523742522679
"thetaparm",0.337199302390218,0.202444775262848,0.721417850116268,0,0.00034934478497867
"thetaparm",0.501331927953288,0.38978489395231,0.0691101949196309,1,0.000631677213530631
"thetaparm",0.489632230717689,0.383279942441732,0.0184442137833685,3,0.00054573921920709
"thetaparm",0.377457759343088,0.248256963677704,0.599129410460591,0,0.00109549377033568
"thetaparm",0.422872802708298,0.305029413895682,0.428224882343784,2,0.00102741569995194
"thetaparm",0.47893007658422,0.355851656524464,0.319363486254588,3,0.000922223774846055
"thetaparm",0.479595077224076,0.355016365181655,0.33458992280066,3,0.000926440963069833
"thetaparm",0.46068334300071,0.349090720294043,0.194714312208816,2,0.000199472490074216
"thetaparm",0.418723369250074,0.305077830329537,0.342585062142462,3,0.00113767067205372
"thetaparm",0.484917475143448,0.367512363940477,0.186122918501496,1,0.000452372519852074
"thetaparm",0.4600809388794,0.336140723200515,0.331202559638768,2,0.00117694034153886
"thetaparm",0.265341816237196,0.115898586111143,0.877294661942869,0,0.000942216140592853
"thetaparm",0.461136033991352,0.339986045146361,0.318875440396369,1,0.000263984982790132
"thetaparm",0.486290739383548,0.370754330419004,0.143040080321953,0,0.00076143717800612
"thetaparm",0.449647365370765,0.329566917382181,0.340972483856604,1,0.000294529038625237
"thetaparm",0.28011228563264,0.143354220548645,0.818361884681508,3,0.000755772922445525
"thetaparm",0.376813618233427,0.245775973424315,0.644859340041876,1,0.00112517789981731
"thetaparm",0.315064974594861,0.180770432343706,0.762632026104257,1,0.000142036901049081
"thetaparm",0.487654065713286,0.379864545539021,0.017043134663254,3,0.000412478596619328
"thetaparm",0.473176988540217,0.35859307134524,0.189176601590589,1,0.000349018483753093
"thetaparm",0.475773722399026,0.351906238822266,0.299039512872696,3,0.000525781534845074
"thetaparm",0.496496845968068,0.388049041619524,0.0521109374240041,2,0.00112271564192584
"thetaparm",0.471887456253171,0.357379200868309,0.217840562574565,1,0.000457284283382774
"thetaparm",0.437082577729598,0.310887027531862,0.46459376392886,2,0.000784692971322266
"thetaparm",0.453940113307908,0.326239080633968,0.435544812120497,3,0.0008438499329495
"thetaparm",0.335149801569059,0.199801264796406,0.718663037521765,0,0.00121368370105491
"thetaparm",0.474055190803483,0.361112749902532,0.175511775771156,1,8.31760042586879e-05
"thetaparm",0.26283406233415,0.122739953920245,0.858537205960602,3,0.000557024891359541
"thetaparm",0.371745479060337,0.248494947329164,0.57050646119751,2,0.00112426602470459
"thetaparm",0.518078484805301,0.402539153583348,0.0399127155542374,2,0.000280375108802074
"thetaparm",0.489830434089527,0.379248999990523,0.110585898393765,1,0.00100970170025541
"thetaparm",0.278382158838212,0.137073629302904,0.845031484495848,1,0.00107083095256151
"thetaparm",0.467933982610703,0.35152170364745,0.276865734951571,0,0.00110265151963616
"thetaparm",0.250729279359803,0.0989105415064842,0.887005149386823,1,0.00128304659242738
"thetaparm",0.490814988967031,0.376059773378074,0.172998994356021,0,0.000997532178399797
"thetaparm",0.361381055088714,0.23215362126939,0.666847652755678,0,0.00123210088101524
"thetaparm",0.466804959112778,0.350539118051529,0.250700435601175,0,0.000153824641222676
"thetaparm",0.472273197956383,0.36265199445188,0.140951342880726,3,0.00043647656493561
"thetaparm",0.401207745308056,0.267626096261665,0.589463578537107,3,0.000174162949431195
"thetaparm",0.509703800082207,0.391877035377547,0.132981534814462,2,0.000405270478187232
"thetaparm",0.488955882610753,0.370385222369805,0.184929325943813,2,0.000564117696418408
"thetaparm",0.422593136085197,0.305898070801049,0.405986869474873,2,0.000540670674576211
"thetaparm",0.408649779623374,0.275021839654073,0.56638677790761,3,0.000586179928718109
"thetaparm",0.231950283283368,0.0589289190247655,0.935378321213648,3,4.26775355958399e-05
"thetaparm",0.483344169333577,0.36847997806035,0.190157350152731,0,0.000669219654717678
"thetaparm",0.41385043063201,0.288657181896269,0.476896717213094,1,0.00116559495551141
"thetaparm",0.463274416979402,0.351158274104819,0.161964655155316,2,0.00120235186592605
"thetaparm",0.407886169850826,0.282022304134443,0.505969305988401,1,0.000765470055791997
"thetaparm",0.430159229552373,0.311438102973625,0.403018975164741,1,0.000445148195372065
"thetaparm",0.286550588905811,0.140803125919774,0.841708459891379,0,0.00042486923763153
"thetaparm",0.365644683130085,0.237300661159679,0.653315451694652,1,0.00124266623936973
"thetaparm",0.244308738969266,0.0802756007760763,0.912621816853061,2,0.00105340290121794
"thetaparm",0.504956283839419,0.389878560556099,0.0989357172511518,1,0.000180935035977201
"thetaparm",0.40896883723326,0.285139181651175,0.497635300969705,0,0.00015722013964934
"thetaparm",0.448315471876413,0.336998415179551,0.231218613684177,3,0.000342523396623121
"thetaparm",0.4860979183577,0.373419694369659,0.137528632069007,1,0.00039772974252782
"thetaparm",0.495681167114526,0.378783940570429,0.136921225115657,1,0.000546548438050496
"thetaparm",0.463933919323608,0.352855482371524,0.174184587784111,2,0.000218483920300428
"thetaparm",0.434695874108002,0.321998825995252,0.315578853245825,3,0.000316733661257878
"thetaparm",0.430148571496829,0.30830659228377,0.39848718023859,0,0.00117360869631152
"thetaparm",0.442544273333624,0.313105512876064,0.47543756570667,3,0.000623353384479847
"thetaparm",0.328146012732759,0.182416454423219,0.778668270679191,3,0.000399292595251559
"thetaparm",0.344816626282409,0.203786673722789,0.750582398613915,2,0.00118292867778346
"thetaparm",0.541811192873865,0.424415928311646,0.0170000905636698,3,0.000637646824183984
"thetaparm",0.439566099317744,0.314881310798228,0.403918242780492,2,0.00100997085127196
"thetaparm",0.437883227365091,0.323771769413725,0.295235264347866,2,0.000717075303899174
"thetaparm",0.464358805445954,0.342334884218872,0.296794997295365,2,0.00112573895305416
"thetaparm",0.376547710504383,0.248034674674273,0.596825906541198,0,0.00109265017059346
"thetaparm",0.470790879335254,0.345080580329522,0.323660476598889,3,0.00097852361629162
"thetaparm",0.364120012614876,0.235958713572472,0.642489552032202,1,0.000320981303352074
"thetaparm",0.474049088777974,0.359113179612905,0.188776977360249,0,0.000435188041673081
"thetaparm",0.385854688240215,0.255839876132086,0.620769957080483,1,0.00117715480974323
"thetaparm",0.456394422566518,0.338943267706782,0.300539064686745,0,0.00016055434689223
"thetaparm",0.219686263939366,0.066866553388536,0.924560075858608,3,0.000502555310232019
"thetaparm",0.504453525645658,0.388999481219798,0.0881943355780095,1,0.000352807831758829
"thetaparm",0.436028666561469,0.322035724064335,0.288614917080849,2,0.00113867583326559
"thetaparm",0.484163930872455,0.373342489590868,0.12565298913978,2,0.000724585858649845
"thetaparm",0.481862567598,0.359737657941878,0.253210098249838,3,0.000691660424257733
"thetaparm",0.35708301118575,0.220331237418577,0.699412753572688,2,8.32357083531375e-05
"thetaparm",0.375562185421586,0.238918433664367,0.660647342447191,3,0.000176430999429253
"thetaparm",0.471632572822273,0.345567199867219,0.377961039077491,3,0.00111677216537037
"thetaparm",0.266362570691854,0.12200130824931,0.855349907884374,1,0.00099191909364579
"thetaparm",0.477262961445376,0.367137937573716,0.122382256668061,2,0.000194230100529266
"thetaparm",0.417525768280029,0.294564498588443,0.489023852394894,0,0.000902927382283876
"thetaparm",0.474781501106918,0.358888129005209,0.241366617614403,0,0.000901263291223496
"thetaparm",0.382945941993967,0.252608214737847,0.59313648683019,1,0.00117962327841503
"thetaparm",0.427042725961655,0.302604641765356,0.456428687321022,1,9.24503464859311e-05
"thetaparm",0.405290420167148,0.288007630733773,0.453100621234626,3,0.00014077583485203
"thetaparm",0.525595748098567,0.406405813526362,0.105411475524306,3,0.000625616738781445
"thetaparm",0.379079315578565,0.246070309309289,0.647045341553167,2,0.00080867994870153
"thetaparm",0.403608875581995,0.274613528279588,0.539542112033814,2,0.00087458932104021
"thetaparm",0.51110951602459,0.397275103954598,0.0205782419070601,1,0.000735606286203234
"thetaparm",0.44523660116829,0.333754097577184,0.285146000096574,3,0.00105267750477082
"thetaparm",0.384975808439776,0.248573365388438,0.630093495128676,3,0.000943858267172446
"thetaparm",0.419829733204097,0.297622372629121,0.458241724641994,0,5.02989201412694e-05
"thetaparm",0.478555957553908,0.36617529974319,0.169570120284334,1,0.000664682154638708
"thetaparm",0.512341618770733,0.396923075895756,0.0979718680027872,1,0.000768814637228818
"thetaparm",0.354350164067,0.220551436999813,0.679634590866044,1,0.00077221204826744
"thetaparm",0.395149717573076,0.262277139583603,0.589883948909119,2,0.000683338470153085
"thetaparm",0.480986305512488,0.372807930922136,0.0884847489651293,3,0.000587930218630114
"thetaparm",0.477096592774615,0.356339037651196,0.263485115719959,2,0.000272403126110446
"thetaparm",0.371044972212985,0.238656217930838,0.646463019307703,1,0.000151434898657394
"thetaparm",0.449362417450175,0.324537435779348,0.427763046929613,2,0.00115872463475607
"thetaparm",0.468918148428202,0.35691184271127,0.150958788348362,2,0.000815438547193657
"thetaparm",0.45059626782313,0.325117205735296,0.410194918513298,2,0.000286779684351413
"thetaparm",0.45022269221954,0.330776227638125,0.3093582612928,0,0.00117700405956736
"thetaparm",0.526015815790743,0.411254657432437,0.0198024618439376,2,0.000357887100006966
"thetaparm",0.477280042367056,0.369937499286607,0.0673747565597296,3,8.40669943531422e-06
"thetaparm",0.489112910581753,0.378571476321667,0.100625911960378,1,0.000678698736003673
"thetaparm",0.461239529540762,0.350903854006901,0.213003748096526,3,0.0010419956023182
"thetaparm",0.469796519726515,0.359876309055835,0.132646277779713,3,0.000234090033296164
"thetaparm",0.199630896328017,0.0112175224348903,0.96871877531521,2,0.00120208341999027
"thetaparm",0.39721381245181,0.277525881072506,0.515416303882375,2,0.00101234096648659
"thetaparm",0.507032585563138,0.386383715551347,0.195666981395334,3,0.000772750182976706
"thetaparm",0.243530013598502,0.0727039014454931,0.926617155782878,3,0.000684093419538484
"thetaparm",0.355028031393886,0.212896255310625,0.714850065065548,3,0.00105560021833051
"thetaparm",0.390236225211993,0.272813114803284,0.492814706638455,3,5.7009142311111e-05
"thetaparm",0.328465063823387,0.185593377565965,0.777698173886165,2,0.000663717974441799
"thetaparm",0.388466325821355,0.267551601631567,0.54154647840187,2,0.000674485862448965
"thetaparm",0.496513330144808,0.38579929783009,0.0978238969109952,1,0.00128158913551002
"thetaparm",0.418561871862039,0.303166628116742,0.365348580293357,3,0.00107851843473597
"thetaparm",0.377939932979643,0.255012860754505,0.577986972173676,2,0.000401873000884848
"thetaparm",0.492850848240778,0.373171703191474,0.223480478627607,2,0.000592995538577858
"thetaparm",0.441992921289057,0.32891359901987,0.319881899515167,2,0.00118197003152163
"thetaparm",0.450902236159891,0.327826268505305,0.389638766879216,2,0.000483468791546402
"thetaparm",0.503588815452531,0.388466206146404,0.0942676335107535,1,0.000116652303288466
"thetaparm",0.53395466436632,0.416077057132497,0.0101892310194671,3,0.000536115471989767
"thetaparm",0.251863094512373,0.10070551559329,0.89193838974461,1,0.000421652260575629
"thetaparm",0.3769285378512,0.258239197079092,0.548311174381524,3,0.000443913929205959
"thetaparm",0.469868314452469,0.361586947925389,0.112915423465893,3,1.10446112974311e-05
"thetaparm",0.481527590192854,0.362677204655483,0.223050109110773,1,0.000280719277747997
"thetaparm",0.466425474267453,0.35225954791531,0.195358508266509,1,0.000751835444653341
"thetaparm",0.518033980159089,0.400365207577124,0.0887814424932003,2,8.03518895531354e-05
"thetaparm",0.223332542227581,0.00328883109614253,0.97130012861453,2,0.000828562030110502
"thetaparm",0.525351965334266,0.412681099027395,0.0123012748081237,1,0.0010468465869209
"thetaparm",0.401039359392598,0.284255708567798,0.483392372727394,3,0.00121898691867225
"thetaparm",0.470035831443965,0.350725073600188,0.241511284606531,1,0.00120704871068127
"thetaparm",0.414143486879766,0.294349430361763,0.467347715981305,1,0.000816956767909587
"thetaparm",0.535141192842275,0.416912037413567,0.0726829001214355,3,0.00108166479445712
"thetaparm",0.462143123848364,0.3497389475815,0.224373399047181,2,0.000537292041421958
"thetaparm",0.404175312491134,0.286135049303994,0.437514291144907,2,0.0011086546644929
"thetaparm",0.468874069396406,0.35889914049767,0.111835458315909,3,0.000993238881671295
"thetaparm",0.511272211093456,0.390146569348872,0.169086931971833,3,0.000191982781627003
"thetaparm",0.315537977498025,0.185761878965423,0.751472767442465,3,0.000951337429668686
"thetaparm",0.464367883978412,0.348516569240019,0.264301187358797,0,0.000539824982850635
"thetaparm",0.485200281720608,0.362759974319488,0.27199420845136,3,0.000190979216973846
"thetaparm",0.445496964268386,0.32647902215831,0.32949090609327,0,0.000786117580578966
"thetaparm",0.431581674143672,0.311179608106613,0.412364077055827,0,0.000269797767996204
"thetaparm",0.351828230544925,0.220868022879586,0.675210049143061,0,0.00031593624166059
"thetaparm",0.506443174323067,0.389009607024491,0.0861110924743116,2,0.0011306773231479
"thetaparm",0.481314113596454,0.370328359305859,0.135176766430959,2,0.000610513511312253
"thetaparm",0.301107827806845,0.152083689812571,0.830059034284204,2,0.000183462644362049
"thetaparm",0.488797755213454,0.370982610387728,0.196381017332897,1,0.000124182752238976
"thetaparm",0.47682148986496,0.357726086629555,0.246518132975325,1,0.000136093181860433
"thetaparm",0.455606334842741,0.340676434338093,0.254820079542696,1,0.000391896990109331
"thetaparm",0.456372761866078,0.335652400040999,0.366387463407591,1,0.00118520558217079
"thetaparm",0.460594988195226,0.340889722807333,0.308094577630982,1,9.13295826091044e-05
"thetaparm",0.302933498518541,0.167386154644191,0.779918564017862,2,0.00067912665244544
"thetaparm",0.376083930023015,0.256128458073363,0.549446885008365,3,0.000207253068671972
"thetaparm",0.427844591671601,0.304246060317382,0.439416357781738,1,0.000414832684101619
"thetaparm",0.460079637123272,0.345479384763166,0.263907514046878,1,0.00059772061598426
"thetaparm",0.479285092325881,0.354829215677455,0.287023161305115,3,0.00082555026997165
"thetaparm",0.484234980307519,0.367932211840525,0.160685146925971,1,0.000806874703180416
"thetaparm",0.303217879729345,0.161543726921082,0.806384061463177,0,0.00014698228354049
"thetaparm",0.449173930799589,0.335102420998737,0.275116711389273,2,4.05176181573451e-05
"thetaparm",0.388191203586757,0.258296280866489,0.601936714258045,1,0.000343009974169421
"thetaparm",0.199650304857641,0.0337774211075157,0.95151180983521,3,4.4919334347901e-05
"thetaparm",0.515421346062794,0.39656172436662,0.146627146983519,3,0.000934419123302537
"thetaparm",0.422195560066029,0.305288842646405,0.377685728250071,2,0.000808880501684262
"thetaparm",0.421471395064145,0.294115155702457,0.507765331305563,2,0.000474890483849667
"thetaparm",0.398487033322453,0.265065008541569,0.605451355688274,3,0.000535970307160551
"thetaparm",0.279965633992106,0.142319712089375,0.830289826029912,3,0.000600029382708537
"thetaparm",0.440837599569932,0.317830184707418,0.389750338392332,1,0.000717303803022568
"thetaparm",0.453916769940406,0.32782433880493,0.428793403087184,3,0.00120364188875088
"thetaparm",0.368550399551168,0.22825859952718,0.682476746151224,3,0.000986970940339858
"thetaparm",0.27997486339882,0.126503685489297,0.858290739590302,2,0.00115416270109504
"thetaparm",0.354764545103535,0.22746127913706,0.662773099029437,1,0.000748423357290886
"thetaparm",0.236203664680943,0.0872313235886395,0.901401141658425,3,0.000247385306416645
"thetaparm",0.366744052385911,0.243057895684615,0.60823386721313,2,0.000319666673088945
"thetaparm",0.477452063933015,0.354990228544921,0.258051363984123,2,0.00118301848717747
"thetaparm",0.351297573652118,0.223049621330574,0.652460448909551,1,0.000994250193632518
"thetaparm",0.444499846547842,0.31971725798212,0.440420967759565,2,0.00115966925798357
"thetaparm",0.407474472653121,0.276954689528793,0.546808612300083,2,0.000589691451857735
"thetaparm",0.433248198125511,0.317186792613938,0.326770049287006,2,0.00104041305956121
"thetaparm",0.425147778820246,0.310070092324167,0.387715889839455,2,0.000850729874822761
"thetaparm",0.35745358443819,0.224434976233169,0.669268634170294,1,0.000774521275740642
"thetaparm",0.424047017702833,0.308869474567473,0.343185167992488,2,0.00114771571979079
"thetaparm",0.250180713366717,0.0862989574670792,0.910609112353995,2,5.71014749309283e-05
"thetaparm",0.425941838650033,0.310100258560851,0.378111898433417,2,0.000194178079712694
"thetaparm",0.395317056681961,0.261237064842135,0.610928414622322,3,0.000187525368903471
"thetaparm",0.469119909917936,0.349289704812691,0.265530918724835,1,0.000698223835481349
"thetaparm",0.261010558577254,0.120131787378341,0.864170831395313,3,0.000854103463328669
"thetaparm",0.355091340141371,0.215346767567098,0.716899601742625,3,0.000108996630957883
"thetaparm",0.233937168028206,0.0726976506412029,0.919202685588971,0,0.000675411017021364
"thetaparm",0.291836765129119,0.150936956051737,0.814996876055375,1,0.000572558551767372
"thetaparm",0.423601165181026,0.310373807325959,0.325883023906499,3,0.000952028739680318
"thetaparm",0.359861077042297,0.224054907914251,0.680705196922645,2,0.000649162115880141
"thetaparm",0.346317226532847,0.203201953321695,0.746152970008552,3,0.000159420970044347
"thetaparm",0.315913352649659,0.182015040423721,0.750160168856382,1,0.000862405904772854
"thetaparm",0.260131550719962,0.115622616373003,0.870695865247399,2,0.00042815845857274
"thetaparm",0.357979828724638,0.228321301052347,0.646245380863547,0,0.00100203776946199
"thetaparm",0.307695587631315,0.169516411842778,0.786440652096644,1,9.45227813009715e-05
"thetaparm",0.473963261581957,0.359811303438619,0.174982644384727,1,0.000512882344275382
"thetaparm",0.400661742547527,0.271774163236842,0.578198767034337,1,0.00101210813053888
"thetaparm",0.486935115652159,0.380652187857777,0.00454401620663702,3,6.52825765706105e-05
"thetaparm",0.454052347457036,0.343933457741514,0.235351049108431,3,0.00104110666552591
"thetaparm",0.297337255440652,0.143467812333256,0.849210978718475,3,0.000660100856350262
"thetaparm",0.35511865792796,0.23269987758249,0.632661901880056,3,0.000758053684481161
"thetaparm",0.376236988930032,0.255134587641805,0.570688944775611,3,0.00054139028223003
"thetaparm",0.506102500250563,0.393564303638414,0.0592825894709677,0,0.000386597098345653
"thetaparm",0.382894995389506,0.26144176046364,0.526071571279317,2,0.00122910471714628
"thetaparm",0.503876699134707,0.390636432915926,0.107881845440716,0,0.00115919102800977
"thetaparm",0.471241406863555,0.358982314588502,0.131096555152908,2,0.00127213955016214
"thetaparm",0.504150266759098,0.394536128966138,0.00210289307869971,1,7.61986896485323e-05
"thetaparm",0.476652273209766,0.356051584007218,0.236467581940815,2,0.00120120422917505
"thetaparm",0.475541205378249,0.351551936008036,0.319191053276882,3,0.000147899212249083
"thetaparm",0.466848004376516,0.351814401336014,0.250912653049454,1,0.000736441607988855
"thetaparm",0.359405031427741,0.229383042780682,0.665121368598193,0,0.000473713877981227
"thetaparm",0.408842673525214,0.284113406436518,0.514650808414444,0,0.000323636707028306
"thetaparm",0.456404915777966,0.332987117115408,0.362168584717438,2,0.000147004867253674
"thetaparm",0.47230817261152,0.350351260276511,0.309116184711456,2,0.000293312184393921
"thetaparm",0.523747861385345,0.405490919947624,0.0460885111242533,3,0.000793373173744047
"thetaparm",0.397820291575044,0.270370224490762,0.569601893890649,1,0.000720171745456494
"thetaparm",0.329626731341705,0.186533929081634,0.759867664426565,2,0.00121803178548802
"thetaparm",0.512950006639585,0.39168728608638,0.132833847776055,3,0.000794066411128249
"thetaparm",0.431384955067188,0.309315161081031,0.395473156124353,0,0.00124306820965438
"thetaparm",0.525845503434539,0.410114292288199,0.000294455559924245,2,0.000629422090685051
"thetaparm",0.494731668848544,0.376521716127172,0.189118601614609,2,0.000359682522479313
"thetaparm",0.494662357727066,0.373436519177631,0.24668755242601,3,0.000875401531231768
"thetaparm",0.500232333084568,0.390167928533629,0.0499828276224434,1,0.00069330071541138
"thetaparm",0.321699344087392,0.184955820906907,0.752864226931706,0,0.000754500281133014
"thetaparm",0.371435003587976,0.232680300250649,0.682103338418528,3,3.01333756272185e-05
"thetaparm",0.458506817463785,0.333711635554209,0.391435265773907,3,0.000715162827740277
"thetaparm",0.393189077964053,0.268779589328915,0.528595104347914,1,0.000925394982093194
"thetaparm",0.375398367410526,0.252100736834109,0.584402912994847,2,0.000261674605498183
"thetaparm",0.473701998358592,0.352794929407537,0.252531625330448,2,0.00112257432905614
"thetaparm",0.377495128195733,0.245178001001477,0.622538453666493,1,0.000848684420498614
"thetaparm",0.34679561574012,0.206021047430113,0.732146195601672,3,0.000197921682994474
"thetaparm",0.387057185405865,0.267462165793404,0.534027690300718,3,0.000670540907833667
"thetaparm",0.466917199315503,0.344975810032338,0.310069758445024,2,0.00028310503246344
"thetaparm",0.498028840636835,0.37587999436073,0.207709539914504,3,0.000454630100685711
"thetaparm",0.437180383130908,0.320051630493253,0.372590835671872,1,0.000766466679690332
"thetaparm",0.485700256889686,0.368811442982405,0.156081309309229,1,0.00107582761290568
"thetaparm",0.467197277350351,0.357440815772861,0.156949910335243,3,0.000268282746295812
"thetaparm",0.390524805756286,0.271806319942698,0.504068910842761,3,3.9204122229651e-05
"thetaparm",0.468884995672852,0.34690020699054,0.339388485299423,2,0.00101870310986326
"thetaparm",0.502097661141306,0.391409536357969,0.0213294944260269,1,0.000163885365780773
"thetaparm",0.486090963706374,0.369929092470556,0.147866064682603,1,0.000931154561706986
"thetaparm",0.530783345922828,0.413652663817629,0.000136205460876226,3,0.000770544033531908
"thetaparm",0.463044548407197,0.336220724508166,0.387443909654394,3,0.000210984551384193
"thetaparm",0.427300936542451,0.306255073752254,0.430177598260343,0,0.000230046766173313
"thetaparm",0.498455356573686,0.379259179811925,0.157583238789812,2,0.00067494774649891
"thetaparm",0.453283639857545,0.342470698989928,0.245269867125899,3,0.000951252379212855
"thetaparm",0.257066734833643,0.102880434365943,0.891010580351576,1,0.000242493975743704
"thetaparm",0.45077685941942,0.32508049486205,0.393337014364079,3,0.000507573136398824
"thetaparm",0.464327762369066,0.337934006238356,0.371847615810111,3,0.000105183879897438
"thetaparm",0.462317497469485,0.345238179666921,0.279760678764433,0,0.000271705492289921
"thetaparm",0.479910320602357,0.372188767185435,0.0532929252367467,3,0.000276463580809898
"thetaparm",0.465912826824933,0.350713101914153,0.203888401389122,1,0.00101933761092131
"thetaparm",0.453317943261936,0.330780890770257,0.381103075342253,2,0.000654892549318543
"thetaparm",0.503012044122443,0.391042585484684,0.0488762096501887,0,5.7212744807647e-05
"thetaparm",0.412320306291804,0.295911523746327,0.437353279907256,3,0.000740952137596916
"thetaparm",0.513998683309183,0.399859401397407,0.00128527241759002,1,0.00109590836940817
"thetaparm",0.222011527046561,0.0542931503150612,0.934957364108413,0,0.00105899984446714
"thetaparm",0.361987969372422,0.232870677020401,0.63285756111145,0,0.00111349609449969
"thetaparm",0.441343925427645,0.319932062877342,0.401431381236762,1,0.0005589547588182
"thetaparm",0.341378953075036,0.212406173115596,0.693621550220996,2,0.000357329412977826
"thetaparm",0.451972854789346,0.329114321619272,0.359170846641064,2,0.000541898979636354
"thetaparm",0.479377242503688,0.359554250957444,0.28202280192636,2,0.00104417184289548
"thetaparm",0.453285617753863,0.328877722611651,0.356011215830222,2,0.00122170041145893
"thetaparm",0.266818139469251,0.12146437773481,0.866085469024256,1,0.000678975857950424
"thetaparm",0.359223455423489,0.225773248821497,0.668354540830478,1,0.000759737443172249
"thetaparm",0.485834244871512,0.377782220719382,0.0464245576877147,3,4.16885816474817e-05
"thetaparm",0.409468605881557,0.281273170607165,0.518711973913014,2,0.000881458706516819
"thetaparm",0.46097564115189,0.340155089506879,0.335861644940451,1,0.000502588750477401
"thetaparm",0.488121321192011,0.377576373051852,0.123018490849063,1,0.00119853006445257
"thetaparm",0.350050928071141,0.216169007588178,0.708103297976777,1,0.000908517191910284
"thetaparm",0.435408524004743,0.310779304942116,0.411911220289767,2,0.00114810773434961
"thetaparm",0.495654666330665,0.387537791626528,0.0503843047190458,2,0.00114862226371453
"thetaparm",0.496719409478828,0.388488303171471,0.0437986780889332,2,0.00103332566198699
"thetaparm",0.457141868770123,0.340017313836142,0.293452145531774,0,0.000142700470862036
"thetaparm",0.311706190695986,0.178199222544208,0.755779230268672,2,0.000882080342337527
"thetaparm",0.264790594577789,0.121692335465923,0.862650036113337,2,0.000504129919879505
"thetaparm",0.265351931331679,0.122315823566169,0.852771933889017,2,0.00114767289226677
"thetaparm",0.448753408621997,0.325276969699189,0.369998844573274,2,0.000772886921103846
"thetaparm",0.357892886502668,0.224076102953404,0.668781499378383,1,0.00109801136359901
"thetaparm",0.481698330491781,0.358770702732727,0.263507367111742,3,0.000720573989980742
"thetaparm",0.483360103797168,0.365607633953914,0.244047286920249,1,0.00109121207513094
"thetaparm",0.480753018753603,0.36640558950603,0.171868392499164,0,6.49092698909969e-05
"thetaparm",0.506240782793611,0.394960733130574,0.00121713196858764,0,0.000524488256747838
"thetaparm",0.482662476832047,0.37330840039067,0.0496537128929049,2,0.000884152120704376
"thetaparm",0.469491705996916,0.356772002065554,0.189417037414387,1,0.000117240278850812
"thetaparm",0.277830468257889,0.131461675511673,0.849115191260353,0,0.000410931318590917
"thetaparm",0.482021944830194,0.359967131400481,0.248779146932065,3,0.000796447118105493
"thetaparm",0.389717487851158,0.254520603455603,0.638739890418947,3,0.000832437000126533
"thetaparm",0.357026753248647,0.225764844799414,0.662873324472457,0,0.000599971205790202
"thetaparm",0.197287776740268,0.0252345027402043,0.95897125499323,3,0.000675169162255993
"thetaparm",0.391903365263715,0.269797659711912,0.518301030853763,1,0.00063551543993088
"thetaparm",0.339337357319891,0.208609623834491,0.701520992442966,1,6.82543679356162e-05
"thetaparm",0.486536676296964,0.380372338928282,0.0212480551563203,3,0.000384693673251855
"thetaparm",0.417963131796569,0.291726522147655,0.479494035011157,1,0.000940588973346052
"thetaparm",0.527554143453017,0.414259017212316,0.00990242534317076,1,0.000917847727653392
"thetaparm",0.497535153757781,0.375930332345888,0.241619514068589,3,0.000842393517274581
"thetaparm",0.427372329169884,0.304247741820291,0.422821226529777,1,0.00102337330303214
"thetaparm",0.273172140354291,0.13571853749454,0.836633041966707,3,0.000229250915543346
"thetaparm",0.466556179570034,0.357185058761388,0.127729397267103,3,0.000499737447923258
"thetaparm",0.479814161546528,0.357090674806386,0.317388845840469,3,0.00109930000380161
"thetaparm",0.482146995840594,0.362276471219957,0.2602098796051,2,0.000574319673026506
"thetaparm",0.419829847058281,0.300239888951182,0.436755124479532,1,0.000226674698055439
"thetaparm",0.426316104829311,0.308063694508746,0.411599929910153,1,0.000543677906062925
"thetaparm",0.523647374007851,0.403540948871523,0.146319993305951,3,0.00120821837046185
"thetaparm",0.360762805910781,0.237275322433561,0.629967618035153,3,0.000967661256473587
"thetaparm",0.367844409542158,0.231506724376231,0.661845644237474,2,0.00114034283106308
"thetaparm",0.274461900349706,0.116158279124647,0.885007961886004,3,0.00117951139753024
"thetaparm",0.401420289650559,0.266657188767567,0.589359461795539,3,0.000633683184533239
"thetaparm",0.265251835109666,0.118793627480045,0.872404345776886,1,0.00110890972406096
"thetaparm",0.505766020854935,0.387968400027603,0.155016641598195,2,0.000657865530686256
"thetaparm",0.459427492925897,0.336157994112,0.374090699711815,2,0.000748253374950228
"thetaparm",0.457652284530923,0.335808096453547,0.358710634056479,1,0.000566590162359999
"thetaparm",0.317230029264465,0.171850905288011,0.801126528298482,2,0.000559140862011556
"thetaparm",0.463145350804552,0.341022110311314,0.29939264873974,2,0.0012194841232232
"thetaparm",0.393232434755191,0.261759009212255,0.57869626278989,2,0.00108919664736073
"thetaparm",0.420136272907257,0.302417675731704,0.417121001752093,2,0.000248929654974403
"thetaparm",0.452578679891303,0.328573629027233,0.376871020998806,2,0.000261441727584827
"thetaparm",0.34177621989511,0.198566699167714,0.754725137492642,3,0.000256566178981895
"thetaparm",0.426999212242663,0.306776911951602,0.437955051427707,0,0.000911503115998715
"thetaparm",0.360798131208867,0.226358731044456,0.670444374438375,1,0.000759633004313164
"thetaparm",0.299152201041579,0.164731584722176,0.782869458431378,2,0.000570372947281447
"thetaparm",0.524029818596318,0.408252934692428,0.0730032159481198,2,0.00108704376227754
"thetaparm",0.403989156009629,0.281556143891066,0.485259818146005,1,0.000836816497048434
"thetaparm",0.429683259455487,0.299476877320558,0.478735740529373,3,0.00117301440109042
"thetaparm",0.268241960089654,0.116092240437865,0.872291878564283,1,0.000490950855990067
"thetaparm",0.504933747462928,0.385701198363677,0.120288197416812,2,0.00111346865257463
"thetaparm",0.524110762868077,0.404198723612353,0.0869563994929194,3,0.000359219818786054
"thetaparm",0.327559147961438,0.193653305526823,0.742668309947476,1,0.000418377454995955
"thetaparm",0.227694204775617,0.058078364469111,0.933724189409986,2,0.000600240111283526
"thetaparm",0.289902693359181,0.141274487134069,0.841707278974354,1,2.85659907120171e-05
"thetaparm",0.433739692438394,0.303576209349558,0.469722137087956,3,0.00107369735853099
"thetaparm",0.292511021252722,0.153274809941649,0.805725512094796,1,0.00103107958012132
"thetaparm",0.30701749981381,0.176762087037787,0.769477541558444,3,0.00112663419626736
"thetaparm",0.367114533670247,0.24564324086532,0.594884641934186,3,0.000505148658922389
"thetaparm",0.493694643257186,0.379330772673711,0.0862039898056537,0,0.0010705091769415
"thetaparm",0.410535730654374,0.285965664079413,0.491194225149229,0,0.00059581581234484
"thetaparm",0.455603639595211,0.335559926228598,0.327922288095579,1,8.23996635096746e-05
"thetaparm",0.396223788149655,0.272373019484803,0.541421081870794,1,0.000457356095712288
"thetaparm",0.442283870885149,0.314603241393343,0.452563460450619,3,0.000234739003857665
"thetaparm",0.26353757828474,0.12480367696844,0.844460566760972,3,0.00115359334299565
"thetaparm",0.253799210069701,0.105756321456283,0.87969316681847,1,0.000623468506341877
"thetaparm",0.463106276001781,0.348490639124066,0.23619318800047,1,1.32920042609022e-06
"thetaparm",0.38027472095564,0.247661104425788,0.6137416344136,2,0.00117659367528051
"thetaparm",0.396282649133354,0.270298871211708,0.557885934831575,0,0.000458006587399383
"thetaparm",0.465813830727711,0.356191363185644,0.134434974053875,3,0.000508718223411152
"thetaparm",0.457056463696063,0.331197142601013,0.383789712563157,3,0.000242415610904611
"thetaparm",0.390517130959779,0.261264040833339,0.57742648315616,1,0.000596038366275253
"thetaparm",0.379154522204772,0.25047968281433,0.613309686072171,0,0.000315937602531114
"thetaparm",0.351850224426016,0.211019037757069,0.716800475958735,3,0.000868981061147887
"thetaparm",0.392838395899162,0.27622520388104,0.504460108699277,3,0.00125538409528332
"thetaparm",0.474065147573128,0.361127514159307,0.149317339062691,1,0.000725523833484776
