"","time","S","I","R","C","V6"
"1",0,0.9999,1e-04,0,0,0.231049060186648
"2",1,0.999875482065481,0.000112257582271536,1.22603522476296e-05,2.4517934519166e-05,0.231049060186648
"3",2,0.999847960180383,0.00012601661086606,2.60232087510395e-05,5.20398196170996e-05,0.231049060186648
"4",3,0.999817066323554,0.000141460938058484,4.14727383872835e-05,8.29336764457679e-05,0.231049060186648
"5",4,0.999782442356487,0.000158769457985117,5.87881855283787e-05,0.000117557643513495,0.231049060186648
"6",5,0.999743563929481,0.000178204060704817,7.82320098143005e-05,0.000156436070519118,0.231049060186648
"7",6,0.999699927972558,0.000200015963116101,0.000100056064326059,0.00020007202744216,0.231049060186648
"8",7,0.999650953974645,0.000224495007776731,0.000124551017578203,0.000249046025354934,0.231049060186648
"9",8,0.999595989431642,0.000251966922183961,0.000152043646174202,0.000304010568358163,0.231049060186648
"10",9,0.999534302779857,0.000282796823169773,0.00018290039697337,0.000365697220143143,0.231049060186648
"11",10,0.999465073401709,0.000317394176956048,0.000217532421334741,0.000434926598290789,0.231049060186648
"12",11,0.999387380880154,0.000356218125330975,0.00025640099451507,0.000512619119846045,0.231049060186648
"13",12,0.999300200386516,0.00039977975165848,0.000300019861825783,0.000599799613484263,0.231049060186648
"14",13,0.999202366903355,0.000448659840087031,0.000348973256557812,0.000697633096644844,0.231049060186648
"15",14,0.999092583168561,0.000503504867735154,0.000403911963703984,0.000807416831439138,0.231049060186648
"16",15,0.998969395434425,0.000565038987909926,0.000465565577665791,0.000930604565575717,0.231049060186648
"17",16,0.998831172913313,0.000634074157152389,0.000534752929534453,0.00106882708668684,0.231049060186648
"18",17,0.998676088075735,0.000711519802655141,0.000612392121609979,0.00122391192426512,0.231049060186648
"19",18,0.99850209319976,0.000798394313933126,0.000699512486307545,0.00139790680024067,0.231049060186648
"20",19,0.998306894308392,0.000895837780426889,0.000797267911181475,0.00159310569160836,0.231049060186648
"21",20,0.998087922198981,0.00100512610769503,0.000906951693323867,0.0018120778010189,0.231049060186648
"22",21,0.997842300210912,0.0011276866698296,0.00103001311925842,0.00205769978908802,0.231049060186648
"23",22,0.99756680842616,0.00126511562682951,0.00116807594701056,0.00233319157384007,0.231049060186648
"24",23,0.997257843960365,0.00141919704813786,0.00132295899149756,0.00264215603963541,0.231049060186648
"25",24,0.996911376984839,0.00159192398473401,0.00149669903042698,0.00298862301516099,0.231049060186648
"26",25,0.996522902106497,0.0017855216296789,0.00169157626382411,0.00337709789350301,0.231049060186648
"27",26,0.99608738472362,0.00200247270013846,0.00191014257624184,0.0038126152763803,0.231049060186648
"28",27,0.995599204026543,0.00224554419766325,0.0021552517757942,0.00430079597345745,0.231049060186648
"29",28,0.995052082704735,0.00251782013247593,0.00243009716278973,0.00484791729526566,0.231049060186648
"30",29,0.994439019802093,0.00282273240044337,0.0027382477974643,0.00546098019790767,0.231049060186648
"31",30,0.993752214516304,0.0031640953894001,0.00308369009429626,0.00614778548369636,0.231049060186648
"32",31,0.992982979937136,0.00354614467030845,0.00347087539255612,0.00691702006286457,0.231049060186648
"33",32,0.992121652617947,0.00397357676294839,0.00390477061910468,0.00777834738205307,0.231049060186648
"34",33,0.991157494967084,0.00445159115408562,0.00439091387883014,0.00874250503291576,0.231049060186648
"35",34,0.9900785907947,0.00498593409814403,0.00493547510715663,0.00982140920530066,0.231049060186648
"36",35,0.98887173470845,0.00558294348167391,0.00554532180987652,0.0110282652915504,0.231049060186648
"210",36,0.987531808240135,0.00624012945917358,0.00622806230069179,0.0123681917598654,0.227954653130577
"310",37,0.986059136063038,0.00695112142296842,0.00698974251399368,0.0138408639369621,0.224860246074506
"410",38,0.984446490701947,0.00771682372318795,0.00783668557486532,0.0154535092980533,0.221765839018435
"58",39,0.982687493115447,0.00853756942222106,0.00877493746233229,0.0172125068845534,0.218671431962364
"61",40,0.980775543746876,0.00941317000468552,0.00981128624843903,0.0191244562531246,0.215577024906293
"71",41,0.978705408269221,0.0103426807500554,0.0109519109807237,0.0211945917307791,0.212482617850221
"81",42,0.976472579638873,0.0113244626409076,0.0122029577202196,0.0234274203611272,0.20938821079415
"91",43,0.974073602669044,0.0123560632109531,0.0135703341200037,0.0258263973309568,0.206293803738079
"101",44,0.971506224478104,0.0134341706149116,0.0150596049069847,0.0283937755218963,0.203199396682008
"111",45,0.968769429689141,0.0145546557554858,0.0166759145553739,0.0311305703108596,0.200104989625937
"121",46,0.965863595119197,0.0157125252049102,0.0184238796758936,0.0340364048808038,0.197010582569865
"131",47,0.96279058087711,0.0169019300905178,0.0203074890323723,0.0371094191228901,0.193916175513794
"141",48,0.959553793014007,0.0181161988021741,0.0223300081838195,0.0403462069859937,0.190821768457723
"151",49,0.956158226919166,0.0193478863883582,0.0244938866924758,0.043741773080834,0.187727361401652
"161",50,0.952610482415454,0.0205888449345977,0.026800672649949,0.0472895175845467,0.184632954345581
"171",51,0.948918749323326,0.0218303141487438,0.0292509365279307,0.0509812506766745,0.18153854728951
"181",52,0.945092762568111,0.0230630308549445,0.0318442065769446,0.0548072374318891,0.178444140233438
"191",53,0.941143726736098,0.0242773553852673,0.0345789178786344,0.0587562732639017,0.175349733177367
"201",54,0.937084211023607,0.0254634121295137,0.0374523768468794,0.0628157889763931,0.172255326121296
"211",55,0.932928016489841,0.0266112408852322,0.0404607426249271,0.0669719835101592,0.169160919065225
"221",56,0.928690018440695,0.0277109551514965,0.0435990264078087,0.0712099815593052,0.166066512009154
"231",57,0.924385987582669,0.0287529031652187,0.0468611092521123,0.075514012417331,0.162972104953082
"241",58,0.920032394252258,0.029727827309449,0.0502397784382934,0.0798676057477423,0.159877697897011
"251",59,0.915646200515122,0.0306270175399559,0.0537267819449226,0.0842537994848785,0.15678329084094
"261",60,0.911244645220394,0.0314424546784111,0.057312900101195,0.0886553547796061,0.153688883784869
"271",61,0.906845027235111,0.0321669397664059,0.0609880329984831,0.093054972764889,0.150594476728798
"281",62,0.902464494178731,0.0327942052132087,0.0647413006080602,0.0974355058212689,0.147500069672726
"291",63,0.898119834195003,0.0333190086076046,0.0685611571973926,0.101780165804997,0.144405662616655
"301",64,0.893827274927706,0.0337372068638988,0.0724355182083955,0.106072725072294,0.141311255560584
"311",65,0.889602317293559,0.0340457984872476,0.0763518842191933,0.110297682706441,0.138216848504513
"321",66,0.885459575687609,0.0342429492310121,0.0802974750813794,0.114440424312391,0.135122441448442
"331",67,0.88141263687674,0.0343279960747116,0.0842593670485483,0.11848736312326,0.132028034392371
"341",68,0.877473946277881,0.0343014270730354,0.0882246266490835,0.122426053722119,0.128933627336299
"351",69,0.873654717027304,0.034164841524472,0.0921804414482242,0.126245282972696,0.125839220280228
"361",70,0.869964862575136,0.0339208921687262,0.0961142452561376,0.129935137424864,0.122744813224157
"37",71,0.866412952521914,0.0335732117560092,0.100013835722077,0.133487047478086,0.119650406168086
"38",72,0.863006190698791,0.0331263266316546,0.103867482669555,0.136893809301209,0.116555999112015
"39",73,0.859750414072309,0.0325855600965928,0.107664025831099,0.140149585927692,0.113461592055943
"40",74,0.856650110726315,0.0319569283118836,0.111392960961801,0.143249889273685,0.110367184999872
"41",75,0.853708454938633,0.0312470314347327,0.115044513626634,0.146191545061367,0.107272777943801
"42",76,0.850927357223032,0.0304629425182367,0.118609700258732,0.148972642776968,0.10417837088773
"43",77,0.848307527138611,0.0296120964948212,0.122080376366568,0.151592472861389,0.101083963831659
"44",78,0.84584854666746,0.0287021813108467,0.125449272021694,0.15405145333254,0.0979895567755875
"45",79,0.843548952015431,0.0277410330028688,0.128710014981701,0.15635104798457,0.0948951497195163
"46",80,0.841406321788118,0.0267365362185164,0.131857141993366,0.158493678211882,0.0918007426634452
"47",81,0.83941736962342,0.0256965313986349,0.134886098977945,0.16048263037658,0.088706335607374
"48",82,0.837578039513299,0.0246287295616108,0.137793230925091,0.162321960486702,0.0856119285513028
"49",83,0.835883602211908,0.0235406353726571,0.140575762415435,0.164016397788092,0.0825175214952316
"50",84,0.834328751297972,0.022439478945091,0.143231769756937,0.165571248702028,0.0794231144391604
"51",85,0.832907697630591,0.0213321566101088,0.1457601457593,0.166992302369409,0.0763287073830892
"52",86,0.831614261105336,0.0202251807074494,0.148160558187214,0.168285738894664,0.0732343003270181
"53",87,0.830441958778627,0.0191246382915132,0.15043340292986,0.169458041221373,0.0701398932709469
"54",88,0.829384088581086,0.0180361585148826,0.152579752904032,0.170515911418914,0.0670454862148757
"55",89,0.828433807983772,0.0169648883420031,0.154601303674225,0.171466192016228,0.0639510791588045
"56",90,0.827584207114463,0.0159154761578971,0.15650031672764,0.172315792885537,0.0608566721027333
"57",91,0.826827350687799,0.0148930473986142,0.158279601913587,0.173072649312201,0.0577622650466621
"212",92,0.823877092605665,0.0160559687743023,0.160066938620033,0.176022907394335,0.231049060186648
"312",93,0.82070933712869,0.0172974699294916,0.161993192941818,0.17919066287131,0.231049060186648
"411",94,0.817312412490429,0.0186206069974401,0.164066980512131,0.182587587509571,0.231049060186648
"510",95,0.813672707779265,0.0200287038633085,0.166298588357427,0.186227292220735,0.231049060186648
"610",96,0.809777485373687,0.0215245590426457,0.168697955583668,0.190122514626313,0.231049060186648
"710",97,0.805614073526147,0.0231106101912884,0.171275316282565,0.194285926473854,0.231049060186648
"810",98,0.801169903173533,0.0247888964178668,0.1740412004086,0.198730096826467,0.231049060186648
"910",99,0.79643275273729,0.0265608789646814,0.177006368298029,0.20346724726271,0.231049060186648
"1010",100,0.791390902111516,0.0284273969254212,0.180181700963062,0.208509097888484,0.231049060186648
"1110",101,0.786033311490729,0.0303885564341705,0.183578132075101,0.213866688509271,0.231049060186648
"1210",102,0.78034982920743,0.0324436106601486,0.187206560132421,0.21955017079257,0.231049060186648
"1310",103,0.774331404453672,0.0345908521920517,0.191077743354276,0.225568595546327,0.231049060186648
"1410",104,0.7679703123113,0.0368275055585057,0.195202182130195,0.2319296876887,0.231049060186648
"1510",105,0.761260386004509,0.0391496244602785,0.199589989535212,0.238639613995491,0.231049060186648
"1610",106,0.754197251182681,0.0415519982428997,0.204250750574419,0.245702748817319,0.231049060186648
"1710",107,0.746778556777329,0.0440280718749969,0.209193371347674,0.253121443222671,0.231049060186648
"1810",108,0.739004190597494,0.0465698852923235,0.214425924110182,0.260895809402506,0.231049060186648
"1910",109,0.730876497236452,0.0491680307227639,0.219955472040784,0.269023502763548,0.231049060186648
"2010",110,0.722400450539958,0.0518116431946351,0.225787906265407,0.277499549460042,0.231049060186648
"213",111,0.71358379422104,0.0544884226369175,0.231927783142042,0.28631620577896,0.231049060186648
"222",112,0.704437154572602,0.057184688013985,0.238378157413413,0.295462845427398,0.231049060186648
"232",113,0.694974101369583,0.0598854711881686,0.245140427442248,0.304925898630417,0.231049060186648
"242",114,0.685211154899937,0.0625746508229556,0.252214194277108,0.314688845100063,0.231049060186648
"252",115,0.675167735882071,0.0652351260066629,0.259597138111267,0.324732264117929,0.231049060186648
"262",116,0.66486605488035,0.0678490281200951,0.267284916999554,0.33503394511965,0.231049060186648
"272",117,0.654330940299509,0.0703979675922983,0.275271092108193,0.345569059700491,0.231049060186648
"282",118,0.643589606383931,0.0728633103701789,0.283547083245891,0.356310393616069,0.231049060186648
"292",119,0.632671365036658,0.0752264772357302,0.292102157727612,0.367228634963342,0.231049060186648
"302",120,0.621607287616066,0.0774692576419089,0.300923454742025,0.378292712383934,0.231049060186648
"313",121,0.610429825017177,0.0795741286198861,0.309996046362937,0.389470174982823,0.231049060186648
"322",122,0.599172396155157,0.0815245686348954,0.319303035209948,0.400727603844843,0.231049060186648
"332",123,0.587868956317035,0.0833053561035016,0.328825687579464,0.412031043682965,0.231049060186648
"342",124,0.576553557642041,0.0849028426626343,0.338543599695325,0.423346442357959,0.231049060186648
"352",125,0.565259914180023,0.0863051921889256,0.348434893631051,0.434640085819977,0.231049060186648
"362",126,0.554020983555857,0.087502577952524,0.358476438491619,0.445879016444143,0.231049060186648
"371",127,0.542868576275904,0.0884873320620096,0.368644091662087,0.457031423724096,0.231049060186648
"381",128,0.531833002231679,0.0892540433970656,0.378912954371255,0.468066997768321,0.231049060186648
"391",129,0.520942762099073,0.0897996023968758,0.389257635504051,0.478957237900927,0.231049060186648
"401",130,0.510224289232115,0.0901231932344552,0.399652517533429,0.489675710767885,0.231049060186648
"412",131,0.499701745448843,0.0902262359285504,0.410072018622607,0.500198254551157,0.231049060186648
"421",132,0.489396871938582,0.0901122827131591,0.420490845348259,0.510503128061418,0.231049060186648
"431",133,0.479328894503959,0.0897868744154234,0.430884231080617,0.520571105496041,0.231049060186648
"441",134,0.469514480582338,0.089257363632918,0.441228155784744,0.530385519417662,0.231049060186648
"451",135,0.459967744036684,0.0885327121311736,0.451499543832142,0.539932255963316,0.231049060186648
"461",136,0.450700292601916,0.0876232701119891,0.461676437286095,0.549199707398084,0.231049060186648
"471",137,0.441721312128199,0.0865405448683405,0.471738143003461,0.558178687871802,0.231049060186648
"481",138,0.433037681362136,0.0852969658970153,0.481665352740849,0.566862318637864,0.231049060186648
"491",139,0.42465411091605,0.0839056528516997,0.49144023623225,0.57524588908395,0.231049060186648
"501",140,0.416573300247785,0.0823801918581126,0.501046507894102,0.583326699752215,0.231049060186648
"511",141,0.40879610685467,0.0807344247487121,0.510469468396618,0.59110389314533,0.231049060186648
"521",142,0.401321722419867,0.0789822547712669,0.519696022808866,0.598578277580133,0.231049060186648
"531",143,0.394147851284022,0.0771374713377446,0.528714677378233,0.605752148715978,0.231049060186648
"541",144,0.387270887302028,0.0752135954509518,0.537515517247021,0.612629112697972,0.231049060186648
"551",145,0.38068608584342,0.0732237466079568,0.546090167548623,0.61921391415658,0.231049060186648
"561",146,0.374387728372947,0.0711805312520921,0.554431740374961,0.625512271627053,0.231049060186648
"571",147,0.368369277681281,0.0690959522398048,0.562534770078914,0.631530722318718,0.231049060186648
"581",148,0.362623522408226,0.0669813383068934,0.57039513928488,0.637276477591773,0.231049060186648
"59",149,0.357142710002548,0.064847292156236,0.578009997841216,0.642757289997452,0.231049060186648
"60",150,0.351918667689795,0.0627036555366583,0.585377676773546,0.647981332310205,0.231049060186648
"611",151,0.346942911372541,0.0605594895276702,0.592497599099789,0.652957088627459,0.231049060186648
"62",152,0.342206742670112,0.0584230681732751,0.599370189156612,0.657693257329888,0.231049060186648
"63",153,0.337701334522934,0.0563018836052578,0.605996781871808,0.662198665477066,0.231049060186648
"64",154,0.333417805947263,0.054202660847996,0.612379533204741,0.666482194052737,0.231049060186648
"65",155,0.329347286637175,0.0521313805896095,0.618521332773215,0.670552713362825,0.231049060186648
"66",156,0.325480972179983,0.0500933083262655,0.624425719493751,0.674419027820017,0.231049060186648
"67",157,0.321810170686352,0.0480930284274122,0.630096800886236,0.678089829313648,0.231049060186648
"68",158,0.318326341644177,0.0461344818210127,0.63553917653481,0.681573658355823,0.231049060186648
"69",159,0.315021127791975,0.044221006152536,0.640757866055489,0.684878872208025,0.231049060186648
"70",160,0.311886380778444,0.042355377424087,0.645758241797468,0.688013619221555,0.231049060186648
"711",161,0.308914181334622,0.0405398522665667,0.650545966398811,0.690985818665378,0.231049060186648
"72",162,0.306096854637395,0.0387762101352336,0.655126935227372,0.693803145362605,0.231049060186648
"73",163,0.303426981491102,0.0370657948456169,0.659507223663281,0.696473018508898,0.231049060186648
"74",164,0.300897405900006,0.035409554981311,0.663693039118682,0.699002594099993,0.231049060186648
"75",165,0.298501239550365,0.033808082807325,0.667690677642309,0.701398760449634,0.231049060186648
"76",166,0.296231863668089,0.032261651412431,0.67150648491948,0.703668136331911,0.231049060186648
"77",167,0.2940829286675,0.0307702498817566,0.675146821450743,0.705817071332499,0.231049060186648
"78",168,0.292048351959213,0.0293336163673951,0.678618031673392,0.707851648040787,0.231049060186648
"79",169,0.290122314240985,0.0279512689808826,0.681926416778132,0.709777685759014,0.231049060186648
"80",170,0.288299254554883,0.0266225344779722,0.685078210967145,0.711600745445117,0.231049060186648
"811",171,0.286573864357121,0.0253465747441918,0.688079560898687,0.713326135642879,0.231049060186648
"82",172,0.284941080813685,0.0241224111201788,0.690936508066136,0.714958919186315,0.231049060186648
"83",173,0.283396079504932,0.0229489466297041,0.693654973865364,0.716503920495068,0.231049060186648
"84",174,0.281934266695808,0.0218249861915068,0.696240747112685,0.717965733304191,0.231049060186648
"85",175,0.280551271304795,0.0207492549094071,0.698699473785798,0.719348728695205,0.231049060186648
"86",176,0.279242936683957,0.0197204145443918,0.701036648771651,0.720657063316042,0.231049060186648
"87",177,0.27800531230437,0.0187370782781648,0.703257609417465,0.72189468769563,0.231049060186648
"88",178,0.276834645425334,0.0177978238806266,0.705367530694039,0.723065354574665,0.231049060186648
"89",179,0.275727372812109,0.0169012053944216,0.707371421793469,0.72417262718789,0.231049060186648
"90",180,0.274680112554994,0.0160457634485329,0.709274123996473,0.725219887445005,0.231049060186648
"911",181,0.273689656032414,0.0152300343103157,0.71108030965727,0.726210343967586,0.231049060186648
"92",182,0.272752960051886,0.0144525577816698,0.712794482166444,0.727147039948114,0.231049060186648
"93",183,0.271867139195318,0.0137118840405555,0.714420976764126,0.728032860804681,0.231049060186648
"94",184,0.271029458388726,0.0130065795239928,0.715963962087281,0.728870541611274,0.231049060186648
"95",185,0.270237325711102,0.0123352319432446,0.717427442345653,0.729662674288897,0.231049060186648
"96",186,0.269488285452685,0.0116964545162372,0.718815260031078,0.730411714547315,0.231049060186648
"97",187,0.268780011429072,0.0110888894965483,0.720131099074379,0.731119988570927,0.231049060186648
"98",188,0.268110300554523,0.0105112110725886,0.721378488372888,0.731789699445477,0.231049060186648
"99",189,0.267477066675174,0.00996212770501404,0.722560805619812,0.732422933324825,0.231049060186648
"100",190,0.266878334660805,0.00944038396497507,0.72368128137422,0.733021665339195,0.231049060186648
"1011",191,0.266312234752046,0.0089447619306034,0.72474300331735,0.733587765247953,0.231049060186648
"102",192,0.265776997158558,0.00847408219416926,0.725748920647272,0.734123002841441,0.231049060186648
"103",193,0.265270946902621,0.00802720452764912,0.72670184856973,0.734629053097379,0.231049060186648
"104",194,0.264792498901716,0.00760302825002883,0.727604472848254,0.735107501098283,0.231049060186648
"105",195,0.264340153283076,0.00720049233554113,0.728459354381382,0.735559846716923,0.231049060186648
"106",196,0.263912490922669,0.00681857529819642,0.729268933779134,0.735987509077331,0.231049060186648
"107",197,0.263508169200809,0.00645629488440836,0.730035535914782,0.73639183079919,0.231049060186648
"108",198,0.263125917966363,0.00611270760223368,0.730761374431404,0.736774082033637,0.231049060186648
"109",199,0.262764535701409,0.00578690811272729,0.731448556185864,0.737135464298591,0.231049060186648
"110",200,0.262422885878231,0.00547802850614818,0.73209908561562,0.737477114121768,0.231049060186648
"1111",201,0.262099893500529,0.00518523748322495,0.732714869016246,0.737800106499471,0.231049060186648
"112",202,0.261794541820852,0.00490773945938842,0.733297718719759,0.738105458179147,0.231049060186648
"113",203,0.261505869226424,0.00464477360778797,0.733849357165788,0.738394130773576,0.231049060186648
"114",204,0.26123296628566,0.00439561285501425,0.734371420859325,0.738667033714339,0.231049060186648
"115",205,0.260974972947935,0.00415956284173873,0.734865464210327,0.738925027052065,0.231049060186648
"116",206,0.26073107588933,0.00393596085893751,0.735332963251733,0.73916892411067,0.231049060186648
"117",207,0.260500505997382,0.00372417476897825,0.735775319233639,0.739399494002617,0.231049060186648
"118",208,0.26028253598805,0.00352360191960388,0.736193862092346,0.73961746401195,0.231049060186648
"119",209,0.260076478148396,0.00333366805773111,0.736589853793873,0.739823521851603,0.231049060186648
"120",210,0.259881682198748,0.00315382624898615,0.736964491552266,0.740018317801251,0.231049060186648
"1211",211,0.259697533268317,0.00298355580801227,0.737318910923671,0.740202466731682,0.231049060186648
"122",212,0.259523449978554,0.00282236124379494,0.737654188777651,0.740376550021445,0.231049060186648
"123",213,0.259358882628736,0.00266977122355069,0.737971346147713,0.740541117371263,0.231049060186648
"124",214,0.259203311478546,0.00252533755810706,0.738271350963347,0.740696688521454,0.231049060186648
"125",215,0.259056245122628,0.00238863421115517,0.738555120666216,0.740843754877371,0.231049060186648
"126",216,0.258917218952364,0.00225925633427632,0.73882352471336,0.740982781047636,0.231049060186648
"127",217,0.258785793700297,0.00213681932922316,0.739077386970479,0.741114206299702,0.231049060186648
"128",218,0.258661554062901,0.00202095793856787,0.739317487998531,0.741238445937099,0.231049060186648
"129",219,0.258544107397554,0.00191132536550948,0.739544567236936,0.741355892602446,0.231049060186648
"130",220,0.258433082489824,0.00180759242335442,0.739759325086821,0.741466917510175,0.231049060186648
"1311",221,0.258328128387324,0.00170944671494434,0.739962424897731,0.741571871612675,0.231049060186648
"132",222,0.258228913296621,0.00161659184209909,0.74015449486128,0.741671086703379,0.231049060186648
"133",223,0.258135123539834,0.00152874664496618,0.7403361298152,0.741764876460166,0.231049060186648
"134",224,0.258046462567746,0.00144564447101875,0.740507892961235,0.741853537432253,0.231049060186648
"135",225,0.257962650026403,0.00136703247331766,0.740670317500279,0.741937349973597,0.231049060186648
"136",226,0.257883420874336,0.00129267093754845,0.740823908188116,0.742016579125664,0.231049060186648
"137",227,0.2578085245477,0.00122233263725654,0.740969142815043,0.742091475452299,0.231049060186648
"138",228,0.257737724170748,0.00115580221663382,0.741106473612618,0.742162275829251,0.231049060186648
"139",229,0.257670795809198,0.0010928756001528,0.741236328590649,0.742229204190801,0.231049060186648
"140",230,0.257607527764194,0.00103335942830035,0.741359112807505,0.742292472235805,0.231049060186648
"1411",231,0.25754771990466,0.000977070518629876,0.741475209576709,0.742352280095339,0.231049060186648
"142",232,0.257491183035984,0.000923835351326296,0.74158498161269,0.742408816964016,0.231049060186648
"143",233,0.257437738303055,0.000873489578462703,0.741688772118481,0.742462261696944,0.231049060186648
"144",234,0.257387216625819,0.000825877556118294,0.741786905818063,0.742512783374181,0.231049060186648
"145",235,0.257339458165556,0.000780851898524431,0.741879689935919,0.742560541834443,0.231049060186648
"146",236,0.257294311820258,0.00073827305340778,0.741967415126334,0.742605688179741,0.231049060186648
"147",237,0.25725163474749,0.000698008897706048,0.742050356354804,0.742648365252509,0.231049060186648
"148",238,0.257211291913269,0.000659934352841964,0.742128773733888,0.74268870808673,0.231049060186648
"149",239,0.257173155665536,0.000623931018751614,0.742202913315712,0.742726844334463,0.231049060186648
"150",240,0.257137105329176,0.000589886824374174,0.74227300784645,0.742762894670824,0.231049060186648
"1511",241,0.257103026824211,0.000557695696479816,0.742339277479309,0.742796973175788,0.231049060186648
"152",242,0.257070812316365,0.000527257254811146,0.742401930428823,0.742829187683634,0.231049060186648
"153",243,0.257040359864426,0.000498476503219668,0.742461163632354,0.742859640135573,0.231049060186648
"154",244,0.257011573099369,0.000471263547246751,0.742517163353384,0.74288842690063,0.231049060186648
"155",245,0.256984360921432,0.000445533326341663,0.742570105752226,0.742915639078567,0.231049060186648
"156",246,0.256958637212192,0.00042120535833699,0.742620157429471,0.742941362787808,0.231049060186648
"157",247,0.256934320562305,0.000398203496924907,0.74266747594077,0.742965679437694,0.231049060186648
"158",248,0.25691133401412,0.000376455701560843,0.742712210284319,0.742988665985879,0.231049060186648
"159",249,0.256889604818339,0.000355893819200563,0.74275450136246,0.74301039518166,0.231049060186648
"160",250,0.256869064203974,0.000336453377305954,0.742794482418719,0.743030935796025,0.231049060186648
"1611",251,0.256849647160868,0.000318073387573545,0.742832279451558,0.743050352839132,0.231049060186648
"162",252,0.256831292234091,0.000300696159862698,0.742868011606046,0.743068707765908,0.231049060186648
"163",253,0.256813941329582,0.000284267125822377,0.742901791544595,0.743086058670417,0.231049060186648
"164",254,0.256797539530392,0.000268734671736768,0.74293372579787,0.743102460469607,0.231049060186648
"165",255,0.256782034922985,0.000254049980130924,0.742963915096884,0.743117965077014,0.231049060186648
"166",256,0.256767378433017,0.000240166879697898,0.742992454687285,0.743132621566982,0.231049060186648
"167",257,0.256753523670099,0.000227041703128513,0.743019434626773,0.743146476329901,0.231049060186648
"168",258,0.256740426781037,0.000214633152443992,0.743044940066519,0.743159573218963,0.231049060186648
"169",259,0.2567280463111,0.000202902171450101,0.74306905151745,0.743171953688899,0.231049060186648
"170",260,0.256716343072864,0.000191811824949237,0.743091845102187,0.743183656927136,0.231049060186648
"1711",261,0.256705280022229,0.000181327184364024,0.743113392793407,0.743194719977771,0.231049060186648
"172",262,0.256694822141211,0.000171415219442498,0.743133762639346,0.743205177858788,0.231049060186648
"173",263,0.256684936327147,0.000162044695730756,0.743153018977122,0.743215063672853,0.231049060186648
"174",264,0.256675591287667,0.000153186077253379,0.74317122263508,0.743224408712333,0.231049060186648
"175",265,0.256666757477537,0.000144811468319991,0.743188431054143,0.743233242522463,0.231049060186648
"176",266,0.25665840692256,0.000136894449058837,0.743204698628381,0.74324159307744,0.231049060186648
"177",267,0.256650513162568,0.000129410022707851,0.743220076814723,0.743249486837431,0.231049060186648
"178",268,0.256643051207618,0.000122334575134194,0.743234614217247,0.743256948792381,0.231049060186648
"179",269,0.256635997437844,0.00011564578132812,0.743248356780828,0.743264002562156,0.231049060186648
"180",270,0.256629329525179,0.000109322532344399,0.743261347942477,0.743270670474821,0.231049060186648
"1811",271,0.256623026362868,0.00010334486946922,0.743273628767662,0.743276973637131,0.231049060186648
"182",272,0.256617067998667,9.76939217722677e-05,0.743285238079561,0.743282932001333,0.231049060186648
"183",273,0.256611435571689,9.23518470277324e-05,0.743296212581283,0.743288564428311,0.231049060186648
"184",274,0.256606111252721,8.73017758237578e-05,0.743306586971455,0.743293888747279,0.231049060186648
"185",275,0.256601078187794,8.25277586884571e-05,0.743316394053517,0.743298921812206,0.231049060186648
"186",276,0.256596320444841,7.80147160719213e-05,0.743325664839087,0.743303679555159,0.231049060186648
"187",277,0.256591822963275,7.37483910318552e-05,0.743334428645693,0.743308177036724,0.231049060186648
"188",278,0.256587571506323,6.97153044784001e-05,0.743342713189198,0.743312428493677,0.231049060186648
"189",279,0.256583552615964,6.59027128412364e-05,0.743350544671195,0.743316447384036,0.231049060186648
"190",280,0.256579753570334,6.22985680292219e-05,0.743357947861636,0.743320246429665,0.231049060186648
"1911",281,0.256576162343465,5.88914795596237e-05,0.743364946176975,0.743323837656535,0.231049060186648
"192",282,0.256572767567213,5.56706787404664e-05,0.743371561754046,0.743327232432786,0.231049060186648
"193",283,0.256569558495285,5.26259847956554e-05,0.743377815519919,0.743330441504714,0.231049060186648
"194",284,0.256566524969218,4.97477728283619e-05,0.743383727257953,0.743333475030782,0.231049060186648
"195",285,0.25656365738623,4.70269435236843e-05,0.743389315670246,0.74333634261377,0.231049060186648
"196",286,0.256560946668822,4.44548944968497e-05,0.74339459843668,0.743339053331177,0.231049060186648
"197",287,0.256558384236049,4.20234931981971e-05,0.743399592270752,0.74334161576395,0.231049060186648
"198",288,0.256555961976356,3.97250512909047e-05,0.743404312972353,0.743344038023644,0.231049060186648
"199",289,0.256553672221901,3.7552300421902e-05,0.743408775477677,0.743346327778099,0.231049060186648
"200",290,0.25655150772429,3.54983693106531e-05,0.743412993906399,0.74334849227571,0.231049060186648
"2011",291,0.256549461631627,3.35567620845208e-05,0.743416981606288,0.743350538368373,0.231049060186648
"202",292,0.256547527466829,3.17213377932367e-05,0.743420751195377,0.74335247253317,0.231049060186648
"203",293,0.256545699107123,2.99862910386174e-05,0.743424314601838,0.743354300892876,0.231049060186648
"204",294,0.256543970764664,2.83461336590913e-05,0.743427683101676,0.743356029235335,0.231049060186648
"205",295,0.256542336968216,2.67956774118456e-05,0.743430867354372,0.743357663031784,0.231049060186648
"206",296,0.256540792533077,2.53300055044291e-05,0.743433877461418,0.743359207466922,0.231049060186648
"207",297,0.256539332285041,2.39442108366084e-05,0.743436723504122,0.743360667714958,0.231049060186648
"208",298,0.25653795186697,2.26341609991113e-05,0.74343941397203,0.743362048133029,0.231049060186648
"209",299,0.256536646983528,2.13957820128907e-05,0.743441957234459,0.743363353016471,0.231049060186648
"2101",300,0.256535413500292,2.02251523602803e-05,0.743444361347347,0.743364586499707,0.231049060186648
